Time;TIME_sec;Start;fix;latitude;longitude;altitude;HDOP;VDOP;satnum;Speed
20230116 085440.255136;1673855680.255136;True;Fix not available;;;;;*1E;00;
20230116 085441.260813;1673855681.260813;False;Fix not available;;;;;*1E;00;
20230116 085442.259225;1673855682.259225;False;Fix not available;;;;;*1E;00;
20230116 085443.254888;1673855683.254888;False;Fix not available;;;;;*1E;00;
20230116 085444.401137;1673855684.401137;False;Fix not available;;;;;*1E;00;
20230116 085445.254381;1673855685.254381;False;Fix not available;;;;;*1E;00;
20230116 085446.270199;1673855686.270199;False;Fix not available;;;;;*1E;00;
20230116 085447.261669;1673855687.261669;False;Fix not available;;;;;*1E;00;
20230116 085448.274714;1673855688.274714;False;Fix not available;;;;;*1E;00;
20230116 085449.434931;1673855689.434931;False;Fix not available;;;;;*1E;00;
20230116 085450.258345;1673855690.258345;False;Fix not available;;;;;*1E;00;
20230116 085451.267677;1673855691.267677;False;Fix not available;;;;;*1E;00;
20230116 085452.256553;1673855692.256553;False;Fix not available;;;;;*1E;00;
20230116 085453.261253;1673855693.261253;False;Fix not available;;;;;*1E;00;
20230116 085454.414179;1673855694.414179;False;Fix not available;;;;;*1E;00;
20230116 085455.263499;1673855695.263499;False;Fix not available;;;;;*1E;00;
20230116 085456.261887;1673855696.261887;False;Fix not available;;;;;*1E;00;
20230116 085457.259379;1673855697.259379;False;Fix not available;;;;;*1E;00;
20230116 085458.256415;1673855698.256415;False;Fix not available;;;;;*1E;00;
20230116 085459.422243;1673855699.422243;False;Fix not available;;;;;*1E;00;
20230116 085500.259634;1673855700.259634;False;Fix not available;;;;;*1E;00;
20230116 085501.260367;1673855701.260367;False;Fix not available;;;;;*1E;00;
20230116 085502.256607;1673855702.256607;False;Fix not available;;;;;*1E;00;
20230116 085503.259759;1673855703.259759;False;Fix not available;;;;;*1E;00;
20230116 085504.407803;1673855704.407803;False;Fix not available;;;;;*1E;00;
20230116 085504.671737;1673855704.671737;False;Fix not available;;;;;*1E;00;
20230116 085505.258420;1673855705.25842;False;Fix not available;;;;;*1E;00;
20230116 085506.262274;1673855706.262274;False;Fix not available;;;;;*1E;00;
20230116 085507.258995;1673855707.258995;False;Fix not available;;;;;*1E;00;
20230116 085508.408125;1673855708.408125;False;Fix not available;;;;;*1E;00;
20230116 085509.262004;1673855709.262004;False;Fix not available;;;;;*1E;00;
20230116 085510.266948;1673855710.266948;False;Fix not available;;;;;*1E;00;
20230116 085511.260259;1673855711.260259;False;Fix not available;;;;;*1E;00;
20230116 085512.294061;1673855712.294061;False;Fix not available;;;;;*1E;00;
20230116 085513.437557;1673855713.437557;False;Fix not available;;;;;*1E;00;
20230116 085514.259712;1673855714.259712;False;Fix not available;;;;;*1E;00;
20230116 085515.255390;1673855715.25539;False;Fix not available;;;;;*1E;00;
20230116 085516.260670;1673855716.26067;False;Fix not available;;;;;*1E;00;
20230116 085517.259364;1673855717.259364;False;Fix not available;;;;;*1E;00;
20230116 085518.425104;1673855718.425104;False;Fix not available;;;;;*1E;00;
20230116 085519.284576;1673855719.284576;False;Fix not available;;;;;*1E;00;
20230116 085520.257437;1673855720.257437;False;Fix not available;;;;;*1E;00;
20230116 085521.257413;1673855721.257413;False;Fix not available;;;;;*1E;00;
20230116 085522.258935;1673855722.258935;False;Fix not available;;;;;*1E;00;
20230116 085523.421504;1673855723.421504;False;Fix not available;;;;;*1E;00;
20230116 085524.256864;1673855724.256864;False;Fix not available;;;;;*1E;00;
20230116 085525.256056;1673855725.256056;False;Fix not available;;;;;*1E;00;
20230116 085526.259543;1673855726.259543;False;Fix not available;;;;;*1E;00;
20230116 085527.258339;1673855727.258339;False;Fix not available;;;;;*1E;00;
20230116 085528.415477;1673855728.415477;False;Fix not available;;;;;*1E;00;
20230116 085529.274458;1673855729.274458;False;Fix not available;;;;;*1E;00;
20230116 085530.263308;1673855730.263308;False;Fix not available;;;;;*1E;00;
20230116 085531.281820;1673855731.28182;False;Fix not available;;;;;*1E;00;
20230116 085532.259523;1673855732.259523;False;Fix not available;;;;;*1E;00;
20230116 085533.427024;1673855733.427024;False;Fix not available;;;;;*1E;00;
20230116 085534.257628;1673855734.257628;False;Fix not available;;;;;*1E;00;
20230116 085535.264924;1673855735.264924;False;Fix not available;;;;;*1E;00;
20230116 085536.264224;1673855736.264224;False;Fix not available;;;;;*1E;00;
20230116 085537.259508;1673855737.259508;False;Fix not available;;;;;*1E;00;
20230116 085538.792289;1673855738.792289;False;3D;4211.1428;01212.1885;9.5;2.8;3.1*31;04;0.0
20230116 085539.295403;1673855739.295403;False;Fix not available;;;;;*1E;00;
20230116 085540.282340;1673855740.28234;False;Fix not available;;;;;*1E;00;
20230116 085541.283612;1673855741.283612;False;Fix not available;;;;;*1E;00;
20230116 085542.286430;1673855742.28643;False;Fix not available;;;;;*1E;00;
20230116 085543.591513;1673855743.591513;False;Fix not available;;;;;*1E;00;
20230116 085544.285740;1673855744.28574;False;Fix not available;;;;;*1E;00;
20230116 085545.282431;1673855745.282431;False;Fix not available;;;;;*1E;00;
20230116 085546.286045;1673855746.286045;False;Fix not available;;;;;*1E;00;
20230116 085547.285197;1673855747.285197;False;Fix not available;;;;;*1E;00;
20230116 085548.606168;1673855748.606168;False;Fix not available;;;;;*1E;00;
20230116 085549.280136;1673855749.280136;False;Fix not available;;;;;*1E;00;
20230116 085550.282806;1673855750.282806;False;Fix not available;;;;;*1E;00;
20230116 085551.279532;1673855751.279532;False;Fix not available;;;;;*1E;00;
20230116 085552.279746;1673855752.279746;False;Fix not available;;;;;*1E;00;
20230116 085553.589572;1673855753.589572;False;Fix not available;;;;;*1E;00;
20230116 085554.449537;1673855754.449537;False;3D;4211.1239;01212.1526;-69.6;2.8;3.1*31;04;0.0
20230116 085555.261656;1673855755.261656;False;Fix not available;;;;;*1E;00;
20230116 085556.261144;1673855756.261144;False;Fix not available;;;;;*1E;00;
20230116 085557.261118;1673855757.261118;False;Fix not available;;;;;*1E;00;
20230116 085558.579505;1673855758.579505;False;Fix not available;;;;;*1E;00;
20230116 085559.261394;1673855759.261394;False;Fix not available;;;;;*1E;00;
20230116 085600.270377;1673855760.270377;False;Fix not available;;;;;*1E;00;
20230116 085601.264193;1673855761.264193;False;Fix not available;;;;;*1E;00;
20230116 085602.260818;1673855762.260818;False;Fix not available;;;;;*1E;00;
20230116 085603.576986;1673855763.576986;False;Fix not available;;;;;*1E;00;
20230116 085604.266823;1673855764.266823;False;Fix not available;;;;;*1E;00;
20230116 085605.260860;1673855765.26086;False;Fix not available;;;;;*1E;00;
20230116 085606.267952;1673855766.267952;False;Fix not available;;;;;*1E;00;
20230116 085607.259435;1673855767.259435;False;Fix not available;;;;;*1E;00;
20230116 085608.570701;1673855768.570701;False;Fix not available;;;;;*1E;00;
20230116 085609.256330;1673855769.25633;False;Fix not available;;;;;*1E;00;
20230116 085610.271882;1673855770.271882;False;Fix not available;;;;;*1E;00;
20230116 085611.259776;1673855771.259776;False;Fix not available;;;;;*1E;00;
20230116 085612.279287;1673855772.279287;False;Fix not available;;;;;*1E;00;
20230116 085613.579338;1673855773.579338;False;Fix not available;;;;;*1E;00;
20230116 085614.258065;1673855774.258065;False;Fix not available;;;;;*1E;00;
20230116 085615.264380;1673855775.26438;False;Fix not available;;;;;*1E;00;
20230116 085616.262127;1673855776.262127;False;Fix not available;;;;;*1E;00;
20230116 085617.260774;1673855777.260774;False;Fix not available;;;;;*1E;00;
20230116 085618.589639;1673855778.589639;False;Fix not available;;;;;*1E;00;
20230116 085619.259143;1673855779.259143;False;Fix not available;;;;;*1E;00;
20230116 085620.258783;1673855780.258783;False;Fix not available;;;;;*1E;00;
20230116 085621.253525;1673855781.253525;False;Fix not available;;;;;*1E;00;
20230116 085622.250581;1673855782.250581;False;Fix not available;;;;;*1E;00;
20230116 085623.547136;1673855783.547136;False;Fix not available;;;;;*1E;00;
20230116 085624.255261;1673855784.255261;False;Fix not available;;;;;*1E;00;
20230116 085625.262147;1673855785.262147;False;Fix not available;;;;;*1E;00;
20230116 085626.274834;1673855786.274834;False;Fix not available;;;;;*1E;00;
20230116 085627.277567;1673855787.277567;False;Fix not available;;;;;*1E;00;
20230116 085628.588130;1673855788.58813;False;Fix not available;;;;;*1E;00;
20230116 085629.275758;1673855789.275758;False;Fix not available;;;;;*1E;00;
20230116 085630.282800;1673855790.2828;False;Fix not available;;;;;*1E;00;
20230116 085631.287648;1673855791.287648;False;Fix not available;;;;;*1E;00;
20230116 085632.282773;1673855792.282773;False;Fix not available;;;;;*1E;00;
20230116 085633.591929;1673855793.591929;False;Fix not available;;;;;*1E;00;
20230116 085634.279356;1673855794.279356;False;Fix not available;;;;;*1E;00;
20230116 085635.287649;1673855795.287649;False;Fix not available;;;;;*1E;00;
20230116 085636.279608;1673855796.279608;False;Fix not available;;;;;*1E;00;
20230116 085637.279101;1673855797.279101;False;Fix not available;;;;;*1E;00;
20230116 085638.777223;1673855798.777223;False;3D;4202.6085;01218.4493;130.8;2.1;3.0*3D;05;0.0
20230116 085639.462563;1673855799.462563;False;3D;4202.6054;01218.4604;155.0;2.1;3.0*3D;05;0.0
20230116 085640.466865;1673855800.466865;False;3D;4202.6096;01218.4502;142.9;2.1;3.0*3D;05;0.0
20230116 085641.464367;1673855801.464367;False;3D;4202.6022;01218.4650;183.6;2.1;3.0*3D;05;0.0
20230116 085642.464059;1673855802.464059;False;3D;4202.6119;01218.4395;151.3;2.1;3.0*3D;05;0.0
20230116 085643.785872;1673855803.785872;False;3D;4202.6085;01218.4420;165.6;2.1;3.0*3D;05;17.0384
20230116 085644.763737;1673855804.763737;False;3D;4202.6098;01218.4387;167.4;2.1;3.0*3D;05;17.093960000000003
20230116 085645.765436;1673855805.765436;False;3D;4202.6098;01218.4362;174.8;2.1;3.0*3D;05;16.427239999999998
20230116 085646.765283;1673855806.765283;False;3D;4202.6096;01218.4332;174.1;2.1;3.0*3D;05;14.390039999999999
20230116 085647.799137;1673855807.799137;False;3D;4202.6100;01218.4302;171.2;2.1;3.0*3D;05;11.2972
20230116 085648.984848;1673855808.984848;False;3D;4202.6101;01218.4278;168.9;2.1;3.0*3D;05;7.945080000000001
20230116 085649.764724;1673855809.764724;False;3D;4202.6102;01218.4264;167.9;2.1;3.0*3D;05;4.963360000000001
20230116 085650.761758;1673855810.761758;False;3D;4202.6103;01218.4256;167.7;2.1;3.0*3D;05;4.00032
20230116 085651.764873;1673855811.764873;False;3D;4202.6104;01218.4245;167.6;2.1;3.0*3D;05;6.8894400000000005
20230116 085652.761340;1673855812.76134;False;3D;4202.6104;01218.4232;167.7;2.1;3.0*3D;05;6.53756
20230116 085654.088638;1673855814.088638;False;3D;4202.6104;01218.4226;168.0;2.1;3.0*3D;05;1.5742
20230116 085654.768878;1673855814.768878;False;3D;4202.6104;01218.4226;168.5;2.1;3.0*3D;05;0.07408000000000001
20230116 085655.769945;1673855815.769945;False;3D;4202.6104;01218.4227;168.7;2.1;3.0*3D;05;0.16668
20230116 085656.766637;1673855816.766637;False;3D;4202.6105;01218.4227;168.8;2.1;3.0*3D;05;0.14816000000000001
20230116 085657.769540;1673855817.76954;False;3D;4202.6105;01218.4228;168.9;2.1;3.0*3D;05;0.14816000000000001
20230116 085659.087679;1673855819.087679;False;3D;4202.6106;01218.4228;169.1;2.1;3.0*3D;05;0.12964
20230116 085659.767402;1673855819.767402;False;3D;4202.6106;01218.4228;169.4;2.1;3.0*3D;05;0.12964
20230116 085700.769238;1673855820.769238;False;3D;4202.6106;01218.4228;169.6;2.1;3.0*3D;05;0.14816000000000001
20230116 085701.765282;1673855821.765282;False;3D;4202.6106;01218.4228;169.8;2.1;3.0*3D;05;0.12964
20230116 085702.765150;1673855822.76515;False;3D;4202.6107;01218.4228;170.1;2.1;3.0*3D;05;0.16668
20230116 085704.088743;1673855824.088743;False;3D;4202.6107;01218.4228;170.4;2.1;3.0*3D;05;0.07408000000000001
20230116 085704.767274;1673855824.767274;False;3D;4202.6107;01218.4228;170.7;2.1;3.0*3D;05;0.16668
20230116 085705.768499;1673855825.768499;False;3D;4202.6107;01218.4228;171.0;2.1;3.0*3D;05;0.16668
20230116 085706.771484;1673855826.771484;False;3D;4202.6107;01218.4229;171.2;2.1;3.0*3D;05;0.14816000000000001
20230116 085707.762921;1673855827.762921;False;3D;4202.6107;01218.4228;171.4;2.1;3.0*3D;05;0.09260000000000002
20230116 085709.086016;1673855829.086016;False;3D;4202.6107;01218.4229;171.7;2.1;3.0*3D;05;0.20372
20230116 085709.767682;1673855829.767682;False;3D;4202.6108;01218.4229;171.9;2.1;3.0*3D;05;0.12964
20230116 085710.763439;1673855830.763439;False;3D;4202.6108;01218.4229;172.2;2.1;3.0*3D;05;0.16668
20230116 085711.764682;1673855831.764682;False;3D;4202.6108;01218.4229;172.5;2.1;3.0*3D;05;0.07408000000000001
20230116 085712.771327;1673855832.771327;False;3D;4202.6108;01218.4229;172.9;2.1;3.0*3D;05;0.16668
20230116 085714.099713;1673855834.099713;False;3D;4202.6108;01218.4230;173.3;2.1;3.0*3D;05;0.20372
20230116 085714.763388;1673855834.763388;False;3D;4202.6108;01218.4230;173.6;2.1;3.0*3D;05;0.14816000000000001
20230116 085715.767527;1673855835.767527;False;3D;4202.6108;01218.4230;174.1;2.1;3.0*3D;05;0.18520000000000003
20230116 085716.768583;1673855836.768583;False;3D;4202.6108;01218.4231;174.5;2.1;3.0*3D;05;0.18520000000000003
20230116 085717.779410;1673855837.77941;False;3D;4202.6108;01218.4231;174.9;2.1;3.0*3D;05;0.18520000000000003
20230116 085719.083829;1673855839.083829;False;3D;4202.6108;01218.4232;175.4;2.1;3.0*3D;05;0.22224
20230116 085719.764736;1673855839.764736;False;3D;4202.6108;01218.4232;175.8;2.1;3.0*3D;05;0.22224
20230116 085720.764116;1673855840.764116;False;3D;4202.6108;01218.4233;176.1;2.1;3.0*3D;05;0.22224
20230116 085721.765561;1673855841.765561;False;3D;4202.6108;01218.4233;176.5;2.1;3.0*3D;05;0.20372
20230116 085722.764981;1673855842.764981;False;3D;4202.6108;01218.4234;176.7;2.1;3.0*3D;05;0.20372
20230116 085724.085677;1673855844.085677;False;3D;4202.6108;01218.4234;177.0;2.1;3.0*3D;05;0.24076000000000003
20230116 085724.764342;1673855844.764342;False;3D;4202.6108;01218.4235;177.2;2.1;3.0*3D;05;0.20372
20230116 085725.765004;1673855845.765004;False;3D;4202.6107;01218.4235;177.5;2.1;3.0*3D;05;0.20372
20230116 085726.770607;1673855846.770607;False;3D;4202.6107;01218.4235;177.7;2.1;3.0*3D;05;0.18520000000000003
20230116 085727.768102;1673855847.768102;False;3D;4202.6107;01218.4236;178.0;2.1;3.0*3D;05;0.16668
20230116 085729.088936;1673855849.088936;False;3D;4202.6107;01218.4236;178.2;2.1;3.0*3D;05;0.20372
20230116 085729.763785;1673855849.763785;False;3D;4202.6107;01218.4236;178.4;2.1;3.0*3D;05;0.20372
20230116 085730.773153;1673855850.773153;False;3D;4202.6107;01218.4237;178.6;2.1;3.0*3D;05;0.18520000000000003
20230116 085731.766739;1673855851.766739;False;3D;4202.6107;01218.4237;178.8;2.1;3.0*3D;05;0.20372
20230116 085732.765903;1673855852.765903;False;3D;4202.6107;01218.4237;178.9;2.1;3.0*3D;05;0.16668
20230116 085734.083820;1673855854.08382;False;3D;4202.6106;01218.4238;179.0;2.1;3.0*3D;05;0.16668
20230116 085734.764401;1673855854.764401;False;3D;4202.6106;01218.4238;179.2;2.1;3.0*3D;05;0.14816000000000001
20230116 085735.765959;1673855855.765959;False;3D;4202.6106;01218.4238;179.3;2.1;3.0*3D;05;0.20372
20230116 085736.768582;1673855856.768582;False;3D;4202.6106;01218.4238;179.4;2.1;3.0*3D;05;0.18520000000000003
20230116 085737.770785;1673855857.770785;False;3D;4202.6106;01218.4239;179.5;2.1;3.0*3D;05;0.14816000000000001
20230116 085739.086389;1673855859.086389;False;3D;4202.6105;01218.4239;179.5;2.1;3.0*3D;05;0.20372
20230116 085739.767168;1673855859.767168;False;3D;4202.6105;01218.4239;179.6;2.1;3.0*3D;05;0.16668
20230116 085740.764036;1673855860.764036;False;3D;4202.6105;01218.4239;179.6;2.1;3.0*3D;05;0.12964
20230116 085741.770272;1673855861.770272;False;3D;4202.6105;01218.4239;179.7;2.1;3.0*3D;05;0.16668
20230116 085742.764367;1673855862.764367;False;3D;4202.6105;01218.4239;179.7;2.1;3.0*3D;05;0.12964
20230116 085744.084147;1673855864.084147;False;3D;4202.6105;01218.4239;179.7;2.1;3.0*3D;05;0.12964
20230116 085744.766250;1673855864.76625;False;3D;4202.6105;01218.4240;179.7;2.1;3.0*3D;05;0.14816000000000001
20230116 085745.764380;1673855865.76438;False;3D;4202.6104;01218.4240;179.7;2.1;3.0*3D;05;0.14816000000000001
20230116 085746.763537;1673855866.763537;False;3D;4202.6104;01218.4240;179.7;2.1;3.0*3D;05;0.11112
20230116 085747.784220;1673855867.78422;False;3D;4202.6104;01218.4239;179.6;2.1;3.0*3D;05;0.14816000000000001
20230116 085749.087550;1673855869.08755;False;3D;4202.6104;01218.4239;179.5;2.1;3.0*3D;05;0.12964
20230116 085749.771298;1673855869.771298;False;3D;4202.6104;01218.4239;179.4;2.1;3.0*3D;05;0.14816000000000001
20230116 085750.766258;1673855870.766258;False;3D;4202.6104;01218.4239;179.3;2.1;3.0*3D;05;0.14816000000000001
20230116 085751.770095;1673855871.770095;False;3D;4202.6104;01218.4239;179.2;2.1;3.0*3D;05;0.14816000000000001
20230116 085752.765880;1673855872.76588;False;3D;4202.6104;01218.4239;179.1;2.1;3.0*3D;05;0.12964
20230116 085754.092471;1673855874.092471;False;3D;4202.6103;01218.4239;179.0;2.1;3.0*3D;05;0.11112
20230116 085754.764374;1673855874.764374;False;3D;4202.6103;01218.4239;178.9;2.1;3.0*3D;05;0.20372
20230116 085755.764060;1673855875.76406;False;3D;4202.6103;01218.4239;178.7;2.1;3.0*3D;05;0.11112
20230116 085756.766767;1673855876.766767;False;3D;4202.6103;01218.4238;178.6;2.1;3.0*3D;05;0.14816000000000001
20230116 085757.763392;1673855877.763392;False;3D;4202.6103;01218.4238;178.5;2.1;3.0*3D;05;0.12964
20230116 085759.090162;1673855879.090162;False;3D;4202.6103;01218.4238;178.3;2.1;3.0*3D;05;0.11112
20230116 085759.766168;1673855879.766168;False;3D;4202.6103;01218.4238;178.1;2.1;3.0*3D;05;0.14816000000000001
20230116 085800.770236;1673855880.770236;False;3D;4202.6103;01218.4238;177.9;2.1;3.0*3D;05;0.14816000000000001
20230116 085801.767837;1673855881.767837;False;3D;4202.6103;01218.4235;176.3;2.1;3.0*3D;05;0.20372
20230116 085802.764655;1673855882.764655;False;3D;4202.6103;01218.4232;175.2;2.1;3.0*3D;05;0.31484000000000006
20230116 085804.090581;1673855884.090581;False;3D;4202.6103;01218.4230;173.5;2.1;3.0*3D;05;0.37040000000000006
20230116 085804.768673;1673855884.768673;False;3D;4202.6104;01218.4226;171.7;2.1;3.0*3D;05;0.44448
20230116 085805.763685;1673855885.763685;False;3D;4202.6104;01218.4223;169.7;2.1;3.0*3D;05;0.53708
20230116 085806.764138;1673855886.764138;False;3D;4202.6104;01218.4219;167.6;2.1;3.0*3D;05;0.61116
20230116 085807.763719;1673855887.763719;False;3D;4202.6105;01218.4213;164.5;2.1;3.0*3D;05;0.81488
20230116 085809.089640;1673855889.08964;False;3D;4202.6105;01218.4210;162.8;2.1;3.0*3D;05;0.926
20230116 085809.768777;1673855889.768777;False;3D;4202.6106;01218.4207;161.0;2.1;3.0*3D;05;0.926
20230116 085810.765924;1673855890.765924;False;3D;4202.6106;01218.4203;159.4;2.1;3.0*3D;05;1.9631200000000002
20230116 085811.773424;1673855891.773424;False;3D;4202.6106;01218.4195;158.2;2.1;3.0*3D;05;5.3708
20230116 085812.769893;1673855892.769893;False;3D;4202.6106;01218.4180;157.4;2.1;3.0*3D;05;9.01924
20230116 085814.088961;1673855894.088961;False;3D;4202.6105;01218.4158;156.6;2.1;3.0*3D;05;12.945480000000002
20230116 085814.768457;1673855894.768457;False;3D;4202.6105;01218.4126;155.8;2.1;3.0*3D;05;17.9644
20230116 085815.769815;1673855895.769815;False;3D;4202.6104;01218.4082;155.2;2.1;3.0*3D;05;23.613
20230116 085816.770960;1673855896.77096;False;3D;4202.6103;01218.4028;154.7;2.1;3.0*3D;05;29.187520000000003
20230116 085817.789653;1673855897.789653;False;3D;4202.6102;01218.3963;154.4;2.1;3.0*3D;05;33.46564
20230116 085819.090564;1673855899.090564;False;3D;4202.6102;01218.3891;154.1;2.1;3.0*3D;05;36.53996
20230116 085819.770806;1673855899.770806;False;3D;4202.6102;01218.3812;153.9;2.1;3.0*3D;05;40.63288000000001
20230116 085820.771928;1673855900.771928;False;3D;4202.6102;01218.3722;153.6;2.1;3.0*3D;05;45.966640000000005
20230116 085821.768280;1673855901.76828;False;3D;4202.6103;01218.3620;153.3;2.1;3.0*3D;05;52.448640000000005
20230116 085822.768670;1673855902.76867;False;3D;4202.6103;01218.3506;152.9;2.1;3.0*3D;05;58.134280000000004
20230116 085824.086331;1673855904.086331;False;3D;4202.6104;01218.3384;152.6;2.1;3.0*3D;05;59.93072
20230116 085824.770356;1673855904.770356;False;3D;4202.6104;01218.3266;152.4;2.1;3.0*3D;05;56.07856
20230116 085825.768669;1673855905.768669;False;3D;4202.6104;01218.3159;152.2;2.1;3.0*3D;05;50.170680000000004
20230116 085826.771759;1673855906.771759;False;3D;4202.6103;01218.3065;152.1;2.1;3.0*3D;05;43.72572
20230116 085827.767071;1673855907.767071;False;3D;4202.6102;01218.2984;151.9;2.1;3.0*3D;05;38.37344
20230116 085829.086211;1673855909.086211;False;3D;4202.6099;01218.2910;151.5;2.1;3.0*3D;05;36.53996
20230116 085829.767677;1673855909.767677;False;3D;4202.6097;01218.2840;151.1;2.1;3.0*3D;05;34.521280000000004
20230116 085830.767029;1673855910.767029;False;3D;4202.6096;01218.2775;151.1;2.1;3.0*3D;05;30.76172
20230116 085831.768475;1673855911.768475;False;3D;4202.6094;01218.2722;150.9;2.1;3.0*3D;05;24.2612
20230116 085832.766541;1673855912.766541;False;3D;4202.6094;01218.2681;151.1;2.1;3.0*3D;05;19.20524
20230116 085834.085714;1673855914.085714;False;3D;4202.6101;01218.2650;150.8;2.1;3.0*3D;05;14.704880000000001
20230116 085834.770303;1673855914.770303;False;3D;4202.6114;01218.2628;150.2;2.1;3.0*3D;05;12.66768
20230116 085835.766554;1673855915.766554;False;3D;4202.6135;01218.2624;150.3;2.1;3.0*3D;05;12.315800000000001
20230116 085836.770540;1673855916.77054;False;3D;4202.6159;01218.2626;150.5;2.1;3.0*3D;05;16.149440000000002
20230116 085837.766214;1673855917.766214;False;3D;4202.6184;01218.2622;150.9;2.1;3.0*3D;05;16.27908
20230116 085839.084405;1673855919.084405;False;3D;4202.6201;01218.2605;151.0;2.1;3.0*3D;05;16.3902
20230116 085839.769569;1673855919.769569;False;3D;4202.6217;01218.2576;151.8;2.1;3.0*3D;05;19.96456
20230116 085840.763095;1673855920.763095;False;3D;4202.6228;01218.2544;152.1;3.0;5.5*36;04;17.70512
20230116 085841.775069;1673855921.775069;False;3D;4202.6240;01218.2501;152.6;2.1;3.0*3D;05;23.150000000000002
20230116 085842.774831;1673855922.774831;False;3D;4202.6243;01218.2460;152.5;2.1;3.0*3D;05;19.05708
20230116 085844.089870;1673855924.08987;False;3D;4202.6246;01218.2420;152.4;2.1;3.0*3D;05;18.87188
20230116 085844.767437;1673855924.767437;False;3D;4202.6245;01218.2382;152.4;2.1;3.0*3D;05;18.40888
20230116 085845.768543;1673855925.768543;False;3D;4202.6240;01218.2344;151.4;2.1;3.0*3D;05;18.149600000000003
20230116 085846.772340;1673855926.77234;False;3D;4202.6234;01218.2307;151.4;2.1;3.0*3D;05;18.853360000000002
20230116 085847.767080;1673855927.76708;False;3D;4202.6233;01218.2274;151.6;2.1;3.0*3D;05;15.834600000000002
20230116 085849.083358;1673855929.083358;False;3D;4202.6229;01218.2244;151.4;2.1;3.0*3D;05;15.59384
20230116 085849.768615;1673855929.768615;False;3D;4202.6228;01218.2216;150.9;2.1;3.0*3D;05;12.48248
20230116 085850.768389;1673855930.768389;False;3D;4202.6227;01218.2194;150.6;2.1;3.0*3D;05;11.389800000000001
20230116 085851.768019;1673855931.768019;False;3D;4202.6227;01218.2168;150.6;2.1;3.0*3D;05;14.241880000000002
20230116 085852.767886;1673855932.767886;False;3D;4202.6228;01218.2137;150.1;2.1;3.0*3D;05;15.48272
20230116 085854.085274;1673855934.085274;False;3D;4202.6235;01218.2104;149.0;2.1;3.0*3D;05;16.18648
20230116 085854.783397;1673855934.783397;False;3D;4202.6250;01218.2071;148.1;2.1;3.0*3D;05;18.20516
20230116 085855.807440;1673855935.80744;False;3D;4202.6274;01218.2037;147.5;2.1;3.0*3D;05;22.1314
20230116 085856.769092;1673855936.769092;False;3D;4202.6304;01218.1996;147.1;2.1;3.0*3D;05;26.1132
20230116 085857.777831;1673855937.777831;False;3D;4202.6338;01218.1952;146.9;2.1;3.0*3D;05;29.15048
20230116 085859.089768;1673855939.089768;False;3D;4202.6371;01218.1909;146.5;2.1;3.0*3D;05;28.09484
20230116 085859.775176;1673855939.775176;False;3D;4202.6399;01218.1872;145.9;2.1;3.0*3D;05;24.59456
20230116 085900.774461;1673855940.774461;False;3D;4202.6427;01218.1847;145.7;2.1;3.0*3D;05;21.2054
20230116 085901.769949;1673855941.769949;False;3D;4202.6457;01218.1836;145.2;2.1;3.0*3D;05;21.761000000000003
20230116 085902.767890;1673855942.76789;False;3D;4202.6492;01218.1832;144.7;2.1;3.0*3D;05;23.5204
20230116 085904.086187;1673855944.086187;False;3D;4202.6514;01218.1852;144.2;2.1;3.0*3D;05;21.761000000000003
20230116 085904.769853;1673855944.769853;False;3D;4202.6536;01218.1884;144.0;2.1;3.0*3D;05;22.668480000000002
20230116 085905.766730;1673855945.76673;False;3D;4202.6533;01218.1951;144.0;2.1;3.0*3D;05;25.168680000000002
20230116 085906.761677;1673855946.761677;False;3D;4202.6525;01218.2032;144.2;2.1;3.0*3D;05;29.66904
20230116 085907.763740;1673855947.76374;False;3D;4202.6533;01218.2104;144.4;2.1;3.0*3D;05;33.16932
20230116 085909.084782;1673855949.084782;False;3D;4202.6543;01218.2179;144.4;2.1;3.0*3D;05;36.05844
20230116 085909.763895;1673855949.763895;False;3D;4202.6549;01218.2259;144.5;2.1;3.0*3D;05;38.3364
20230116 085910.766166;1673855950.766166;False;3D;4202.6551;01218.2341;144.7;2.1;3.0*3D;05;37.928960000000004
20230116 085911.768118;1673855951.768118;False;3D;4202.6550;01218.2418;145.0;2.1;3.0*3D;05;35.0954
20230116 085912.784347;1673855952.784347;False;3D;4202.6547;01218.2484;145.0;2.1;3.0*3D;05;29.5394
20230116 085914.086176;1673855954.086176;False;3D;4202.6545;01218.2537;144.8;2.1;3.0*3D;05;24.24268
20230116 085914.768336;1673855954.768336;False;3D;4202.6539;01218.2591;145.0;2.1;3.0*3D;05;26.40952
20230116 085915.769832;1673855955.769832;False;3D;4202.6536;01218.2648;144.4;2.1;3.0*3D;05;29.39124
20230116 085916.768204;1673855956.768204;False;3D;4202.6535;01218.2717;144.4;2.1;3.0*3D;05;34.31756
20230116 085917.800825;1673855957.800825;False;3D;4202.6537;01218.2794;144.3;2.1;3.0*3D;05;39.077200000000005
20230116 085918.986235;1673855958.986235;False;3D;4202.6542;01218.2880;144.0;2.1;3.0*3D;05;43.744240000000005
20230116 085919.767948;1673855959.767948;False;3D;4202.6549;01218.2973;143.6;2.1;3.0*3D;05;48.30016
20230116 085920.766868;1673855960.766868;False;3D;4202.6555;01218.3075;143.3;2.1;3.0*3D;05;51.52264
20230116 085921.763174;1673855961.763174;False;3D;4202.6561;01218.3181;143.2;2.1;3.0*3D;05;52.94868
20230116 085922.766010;1673855962.76601;False;3D;4202.6568;01218.3287;142.8;2.1;3.0*3D;05;51.818960000000004
20230116 085924.086419;1673855964.086419;False;3D;4202.6575;01218.3391;142.7;2.1;3.0*3D;05;50.3744
20230116 085924.766008;1673855964.766008;False;3D;4202.6582;01218.3490;142.6;2.1;3.0*3D;05;47.80012
20230116 085925.759432;1673855965.759432;False;3D;4202.6587;01218.3585;142.5;4.8;6.6*38;04;47.0408
20230116 085926.767560;1673855966.76756;False;3D;4202.6588;01218.3676;142.7;2.1;3.0*3D;05;41.799640000000004
20230116 085927.769962;1673855967.769962;False;3D;4202.6583;01218.3754;142.2;2.1;3.0*3D;05;37.16964
20230116 085929.090922;1673855969.090922;False;3D;4202.6575;01218.3808;141.7;2.1;3.0*3D;05;27.98372
20230116 085929.768531;1673855969.768531;False;3D;4202.6568;01218.3832;142.1;2.1;3.0*3D;05;15.686440000000003
20230116 085930.766722;1673855970.766722;False;3D;4202.6549;01218.3848;142.3;2.1;3.0*3D;05;13.44552
20230116 085931.765357;1673855971.765357;False;3D;4202.6527;01218.3853;143.0;2.1;3.0*3D;05;17.29768
20230116 085932.767646;1673855972.767646;False;3D;4202.6492;01218.3855;143.1;2.1;3.0*3D;05;23.16852
20230116 085934.090979;1673855974.090979;False;3D;4202.6447;01218.3855;142.8;2.1;3.0*3D;05;29.31716
20230116 085934.765794;1673855974.765794;False;3D;4202.6393;01218.3852;142.6;2.1;3.0*3D;05;35.22504
20230116 085935.779141;1673855975.779141;False;3D;4202.6333;01218.3848;142.5;2.1;3.0*3D;05;40.281
20230116 085936.769764;1673855976.769764;False;3D;4202.6268;01218.3845;142.4;2.1;3.0*3D;05;41.44776
20230116 085937.768422;1673855977.768422;False;3D;4202.6208;01218.3842;142.5;2.1;3.0*3D;05;38.29936
20230116 085939.089650;1673855979.08965;False;3D;4202.6156;01218.3838;143.0;2.1;3.0*3D;05;33.81752
20230116 085939.768259;1673855979.768259;False;3D;4202.6114;01218.3834;143.3;2.1;3.0*3D;05;27.909640000000003
20230116 085940.768530;1673855980.76853;False;3D;4202.6089;01218.3831;143.0;2.1;3.0*3D;05;19.00152
20230116 085941.765344;1673855981.765344;False;3D;4202.6068;01218.3822;143.3;2.1;3.0*3D;05;15.204920000000003
20230116 085942.765725;1673855982.765725;False;3D;4202.6050;01218.3802;143.5;2.1;3.0*3D;05;17.27916
20230116 085944.090027;1673855984.090027;False;3D;4202.6037;01218.3771;143.4;2.1;3.0*3D;05;18.39036
20230116 085944.768393;1673855984.768393;False;3D;4202.6032;01218.3723;143.6;2.1;3.0*3D;05;23.4278
20230116 085945.776851;1673855985.776851;False;3D;4202.6035;01218.3652;144.0;2.1;3.0*3D;05;32.0396
20230116 085946.780611;1673855986.780611;False;3D;4202.6043;01218.3562;144.2;2.1;3.0*3D;05;41.003280000000004
20230116 085947.787002;1673855987.787002;False;3D;4202.6051;01218.3457;144.1;2.1;3.0*3D;05;49.68916
20230116 085949.089657;1673855989.089657;False;3D;4202.6055;01218.3343;143.5;2.1;3.0*3D;05;55.522960000000005
20230116 085949.771125;1673855989.771125;False;3D;4202.6057;01218.3228;143.3;2.1;3.0*3D;05;54.48584
20230116 085950.769048;1673855990.769048;False;3D;4202.6057;01218.3124;142.5;2.1;3.0*3D;05;48.059400000000004
20230116 085951.770952;1673855991.770952;False;3D;4202.6058;01218.3032;142.4;2.1;3.0*3D;05;42.318200000000004
20230116 085952.772352;1673855992.772352;False;3D;4202.6060;01218.2950;142.3;2.1;3.0*3D;05;38.892
20230116 085954.091926;1673855994.091926;False;3D;4202.6061;01218.2874;142.3;2.1;3.0*3D;05;36.18808
20230116 085954.775402;1673855994.775402;False;3D;4202.6061;01218.2807;141.7;2.1;3.0*3D;05;31.761799999999997
20230116 085955.771054;1673855995.771054;False;3D;4202.6062;01218.2752;141.5;2.1;3.0*3D;05;25.1872
20230116 085956.770662;1673855996.770662;False;3D;4202.6064;01218.2709;141.1;2.1;3.0*3D;05;20.24236
20230116 085957.765405;1673855997.765405;False;3D;4202.6072;01218.2674;140.7;2.1;3.0*3D;05;17.07544
20230116 085959.086496;1673855999.086496;False;3D;4202.6088;01218.2649;140.5;2.1;3.0*3D;05;14.778960000000001
20230116 085959.765307;1673855999.765307;False;3D;4202.6111;01218.2639;139.8;2.1;3.0*3D;05;14.704880000000001
20230116 090000.769659;1673856000.769659;False;3D;4202.6143;01218.2638;139.6;2.9;5.4*3C;04;19.0756
20230116 090001.768290;1673856001.76829;False;3D;4202.6172;01218.2636;139.0;2.1;3.0*3D;05;17.8718
20230116 090002.768833;1673856002.768833;False;3D;4202.6198;01218.2625;138.7;2.1;3.0*3D;05;16.98284
20230116 090004.087839;1673856004.087839;False;3D;4202.6214;01218.2605;138.3;2.1;3.0*3D;05;14.112240000000002
20230116 090004.765096;1673856004.765096;False;3D;4202.6220;01218.2577;138.3;2.1;3.0*3D;05;15.186399999999999
20230116 090005.770317;1673856005.770317;False;3D;4202.6218;01218.2546;137.7;2.1;3.0*3D;05;15.31604
20230116 090006.767297;1673856006.767297;False;3D;4202.6217;01218.2513;137.8;2.1;3.0*3D;05;17.07544
20230116 090007.770523;1673856007.770523;False;3D;4202.6215;01218.2471;138.3;2.1;3.0*3D;05;21.77952
20230116 090009.089968;1673856009.089968;False;3D;4202.6214;01218.2421;138.6;2.1;3.0*3D;05;26.24284
20230116 090009.770571;1673856009.770571;False;3D;4202.6215;01218.2362;138.8;2.1;3.0*3D;05;29.891280000000002
20230116 090010.770724;1673856010.770724;False;3D;4202.6217;01218.2295;139.4;2.1;3.0*3D;05;33.05820000000001
20230116 090011.768179;1673856011.768179;False;3D;4202.6217;01218.2228;139.4;2.1;3.0*3D;05;32.706320000000005
20230116 090012.776027;1673856012.776027;False;3D;4202.6218;01218.2165;139.6;2.1;3.0*3D;05;28.90972
20230116 090014.090349;1673856014.090349;False;3D;4202.6225;01218.2113;140.0;2.1;3.0*3D;05;23.96488
20230116 090014.787926;1673856014.787926;False;3D;4202.6239;01218.2070;139.8;2.1;3.0*3D;05;22.48328
20230116 090015.776758;1673856015.776758;False;3D;4202.6266;01218.2031;139.4;2.1;3.0*3D;05;25.33536
20230116 090016.774928;1673856016.774928;False;3D;4202.6304;01218.1990;139.4;2.1;3.0*3D;05;31.947000000000003
20230116 090017.807410;1673856017.80741;False;3D;4202.6342;01218.1944;138.8;2.1;3.0*3D;05;34.46572
20230116 090019.088524;1673856019.088524;False;3D;4202.6381;01218.1896;138.9;2.1;3.0*3D;05;33.317479999999996
20230116 090019.793360;1673856019.79336;False;3D;4202.6415;01218.1850;139.0;2.1;3.0*3D;05;29.761640000000003
20230116 090020.770437;1673856020.770437;False;3D;4202.6443;01218.1810;138.9;2.1;3.0*3D;05;25.594640000000002
20230116 090021.772287;1673856021.772287;False;3D;4202.6466;01218.1776;139.2;2.1;3.0*3D;05;21.14984
20230116 090022.765895;1673856022.765895;False;3D;4202.6485;01218.1748;139.9;2.1;3.0*3D;05;15.6494
20230116 090024.087607;1673856024.087607;False;3D;4202.6497;01218.1729;140.6;2.1;3.0*3D;05;9.51928
20230116 090024.769897;1673856024.769897;False;3D;4202.6503;01218.1719;141.2;2.1;3.0*3D;05;4.83372
20230116 090025.768471;1673856025.768471;False;3D;4202.6506;01218.1715;141.4;2.1;3.0*3D;05;1.7223600000000001
20230116 090026.769703;1673856026.769703;False;3D;4202.6508;01218.1714;142.2;2.1;3.0*3D;05;0.7963600000000001
20230116 090027.762041;1673856027.762041;False;3D;4202.6512;01218.1712;144.0;2.1;3.0*3D;05;0.11112
20230116 090029.082754;1673856029.082754;False;3D;4202.6516;01218.1711;145.7;2.1;3.0*3D;05;0.05556
20230116 090029.772627;1673856029.772627;False;3D;4202.6519;01218.1711;146.8;2.1;3.0*3D;05;1.05564
20230116 090030.768184;1673856030.768184;False;3D;4202.6520;01218.1711;147.2;2.1;3.0*3D;05;0.29632000000000003
20230116 090031.772817;1673856031.772817;False;3D;4202.6520;01218.1712;147.6;2.1;3.0*3D;05;0.16668
20230116 090032.767392;1673856032.767392;False;3D;4202.6522;01218.1712;148.2;2.1;3.0*3D;05;0.77784
20230116 090034.084977;1673856034.084977;False;3D;4202.6523;01218.1712;148.7;2.1;3.0*3D;05;0.6296800000000001
20230116 090034.765606;1673856034.765606;False;3D;4202.6522;01218.1712;148.7;2.1;3.0*3D;05;0.16668
20230116 090035.772242;1673856035.772242;False;3D;4202.6521;01218.1714;148.3;2.1;3.0*3D;05;0.75932
20230116 090036.771721;1673856036.771721;False;3D;4202.6519;01218.1716;147.8;2.1;3.0*3D;05;1.44456
20230116 090037.767024;1673856037.767024;False;3D;4202.6517;01218.1718;147.4;2.1;3.0*3D;05;0.9815600000000001
20230116 090039.086519;1673856039.086519;False;3D;4202.6517;01218.1719;147.3;2.1;3.0*3D;05;0.11112
20230116 090039.768404;1673856039.768404;False;3D;4202.6517;01218.1719;147.4;2.1;3.0*3D;05;0.87044
20230116 090040.764736;1673856040.764736;False;3D;4202.6518;01218.1718;147.3;2.1;3.0*3D;05;0.2778
20230116 090041.770637;1673856041.770637;False;3D;4202.6518;01218.1718;147.5;2.1;3.0*3D;05;0.9815600000000001
20230116 090042.770428;1673856042.770428;False;3D;4202.6518;01218.1718;147.2;2.1;3.0*3D;05;0.05556
20230116 090044.077937;1673856044.077937;False;3D;4202.6518;01218.1718;147.2;2.1;3.0*3D;05;0.24076000000000003
20230116 090044.769747;1673856044.769747;False;3D;4202.6518;01218.1718;147.0;2.1;3.0*3D;05;0.33336
20230116 090045.765570;1673856045.76557;False;3D;4202.6519;01218.1718;147.2;2.1;3.0*3D;05;0.51856
20230116 090046.764420;1673856046.76442;False;3D;4202.6520;01218.1718;147.3;2.1;3.0*3D;05;0.51856
20230116 090047.783012;1673856047.783012;False;3D;4202.6520;01218.1718;147.3;2.1;3.0*3D;05;0.35188
20230116 090049.089029;1673856049.089029;False;3D;4202.6519;01218.1719;147.0;2.1;3.0*3D;05;0.87044
20230116 090049.765827;1673856049.765827;False;3D;4202.6519;01218.1719;146.8;2.1;3.0*3D;05;0.37040000000000006
20230116 090050.769381;1673856050.769381;False;3D;4202.6520;01218.1715;146.6;2.1;3.0*3D;05;2.70392
20230116 090051.766784;1673856051.766784;False;3D;4202.6525;01218.1706;146.6;2.1;3.0*3D;05;6.5746
20230116 090052.769091;1673856052.769091;False;3D;4202.6530;01218.1690;146.8;2.1;3.0*3D;05;9.50076
20230116 090054.088394;1673856054.088394;False;3D;4202.6531;01218.1666;146.6;2.1;3.0*3D;05;13.03808
20230116 090054.767702;1673856054.767702;False;3D;4202.6525;01218.1638;146.3;2.1;3.0*3D;05;13.389960000000002
20230116 090055.770695;1673856055.770695;False;3D;4202.6516;01218.1612;146.1;2.1;3.0*3D;05;14.66784
20230116 090056.771580;1673856056.77158;False;3D;4202.6502;01218.1590;145.8;2.1;3.0*3D;05;12.612119999999999
20230116 090057.769413;1673856057.769413;False;3D;4202.6489;01218.1575;146.4;2.1;3.0*3D;05;10.0934
20230116 090059.085074;1673856059.085074;False;3D;4202.6478;01218.1562;146.4;2.1;3.0*3D;05;9.64892
20230116 090059.771028;1673856059.771028;False;3D;4202.6466;01218.1548;146.5;2.1;3.0*3D;05;9.908199999999999
20230116 090100.770776;1673856060.770776;False;3D;4202.6456;01218.1534;146.7;2.1;3.0*3D;05;9.074800000000002
20230116 090101.771892;1673856061.771892;False;3D;4202.6447;01218.1523;146.7;2.1;3.0*3D;05;7.1302
20230116 090102.775611;1673856062.775611;False;3D;4202.6441;01218.1514;147.0;2.1;3.0*3D;05;5.16708
20230116 090104.088789;1673856064.088789;False;3D;4202.6437;01218.1505;146.9;2.1;3.0*3D;05;5.11152
20230116 090104.773122;1673856064.773122;False;3D;4202.6435;01218.1493;146.6;2.1;3.0*3D;05;6.3708800000000005
20230116 090105.768256;1673856065.768256;False;3D;4202.6436;01218.1479;146.5;2.1;3.0*3D;05;6.25976
20230116 090106.769256;1673856066.769256;False;3D;4202.6442;01218.1465;146.3;2.1;3.0*3D;05;6.482
20230116 090107.771716;1673856067.771716;False;3D;4202.6464;01218.1437;146.0;2.1;3.0*3D;05;14.482640000000002
20230116 090109.101237;1673856069.101237;False;3D;4202.6492;01218.1402;145.4;2.1;3.0*3D;05;20.4646
20230116 090109.770423;1673856069.770423;False;3D;4202.6518;01218.1366;145.0;2.1;3.0*3D;05;23.242600000000003
20230116 090110.769826;1673856070.769826;False;3D;4202.6544;01218.1328;144.5;2.1;3.0*3D;05;23.0574
20230116 090111.780195;1673856071.780195;False;3D;4202.6566;01218.1290;144.1;2.1;3.0*3D;05;22.14992
20230116 090112.765321;1673856072.765321;False;3D;4202.6581;01218.1250;143.6;2.1;3.0*3D;05;20.52016
20230116 090114.076692;1673856074.076692;False;3D;4202.6585;01218.1211;143.8;2.1;3.0*3D;05;20.29792
20230116 090114.769528;1673856074.769528;False;3D;4202.6581;01218.1169;144.2;2.1;3.0*3D;05;22.687
20230116 090115.770261;1673856075.770261;False;3D;4202.6567;01218.1127;144.0;2.1;3.0*3D;05;23.20556
20230116 090116.767076;1673856076.767076;False;3D;4202.6548;01218.1092;143.8;2.1;3.0*3D;05;20.372
20230116 090117.806035;1673856077.806035;False;3D;4202.6511;01218.1090;144.4;2.1;3.0*3D;05;15.056760000000002
20230116 090118.977267;1673856078.977267;False;3D;4202.6474;01218.1105;144.5;2.1;3.0*3D;05;16.260559999999998
20230116 090119.767108;1673856079.767108;False;3D;4202.6446;01218.1128;144.9;2.1;3.0*3D;05;19.24228
20230116 090120.769803;1673856080.769803;False;3D;4202.6421;01218.1161;145.2;2.1;3.0*3D;05;21.16836
20230116 090121.769438;1673856081.769438;False;3D;4202.6394;01218.1202;145.3;2.1;3.0*3D;05;24.464920000000003
20230116 090122.770568;1673856082.770568;False;3D;4202.6368;01218.1245;144.8;2.1;3.0*3D;05;27.94668
20230116 090124.092805;1673856084.092805;False;3D;4202.6337;01218.1293;144.7;2.1;3.0*3D;05;29.557920000000003
20230116 090124.772393;1673856084.772393;False;3D;4202.6302;01218.1344;144.4;2.1;3.0*3D;05;30.96544
20230116 090125.793366;1673856085.793366;False;3D;4202.6265;01218.1393;143.9;2.1;3.0*3D;05;30.50244
20230116 090126.778653;1673856086.778653;False;3D;4202.6228;01218.1443;145.2;2.1;3.0*3D;05;29.02084
20230116 090127.777070;1673856087.77707;False;3D;4202.6190;01218.1484;145.2;2.1;3.0*3D;05;28.90972
20230116 090129.088464;1673856089.088464;False;3D;4202.6153;01218.1520;145.5;2.1;3.0*3D;05;29.983880000000003
20230116 090129.771050;1673856089.77105;False;3D;4202.6112;01218.1558;145.1;2.1;3.0*3D;05;31.502520000000004
20230116 090130.770825;1673856090.770825;False;3D;4202.6072;01218.1600;144.6;2.1;3.0*3D;05;33.4286
20230116 090131.768423;1673856091.768423;False;3D;4202.6034;01218.1646;144.8;2.1;3.0*3D;05;34.13236
20230116 090132.768168;1673856092.768168;False;3D;4202.5997;01218.1696;145.2;2.1;3.0*3D;05;34.41016
20230116 090134.093540;1673856094.09354;False;3D;4202.5960;01218.1746;145.8;2.1;3.0*3D;05;34.799080000000004
20230116 090134.770363;1673856094.770363;False;3D;4202.5921;01218.1798;146.2;2.1;3.0*3D;05;35.98436
20230116 090135.771023;1673856095.771023;False;3D;4202.5881;01218.1850;146.4;2.1;3.0*3D;05;36.52144
20230116 090136.770326;1673856096.770326;False;3D;4202.5841;01218.1901;146.5;2.1;3.0*3D;05;36.0214
20230116 090137.773257;1673856097.773257;False;3D;4202.5802;01218.1952;146.5;2.1;3.0*3D;05;35.5584
20230116 090139.087086;1673856099.087086;False;3D;4202.5766;01218.2001;146.9;2.1;3.0*3D;05;33.44712
20230116 090139.767912;1673856099.767912;False;3D;4202.5731;01218.2048;147.1;2.1;3.0*3D;05;32.076640000000005
20230116 090140.769769;1673856100.769769;False;3D;4202.5699;01218.2094;147.5;2.1;3.0*3C;05;30.558
20230116 090141.768490;1673856101.76849;False;3D;4202.5668;01218.2140;147.7;2.1;3.0*3C;05;30.372799999999998
20230116 090142.769248;1673856102.769248;False;3D;4202.5635;01218.2184;147.8;2.1;3.0*3C;05;30.724680000000003
20230116 090144.109204;1673856104.109204;False;3D;4202.5602;01218.2227;147.9;2.1;3.0*3C;05;30.50244
20230116 090144.772009;1673856104.772009;False;3D;4202.5570;01218.2269;148.1;2.1;3.0*3C;05;29.39124
20230116 090145.769646;1673856105.769646;False;3D;4202.5541;01218.2309;148.7;2.1;3.0*3C;05;27.29848
20230116 090146.770387;1673856106.770387;False;3D;4202.5513;01218.2346;149.1;2.1;3.0*3C;05;26.18728
20230116 090147.771405;1673856107.771405;False;3D;4202.5486;01218.2382;149.4;2.1;3.0*3C;05;24.835320000000003
20230116 090149.083679;1673856109.083679;False;3D;4202.5459;01218.2416;149.8;2.1;3.0*3C;05;23.44632
20230116 090149.773843;1673856109.773843;False;3D;4202.5434;01218.2447;149.8;2.1;3.0*3C;05;21.79804
20230116 090150.769127;1673856110.769127;False;3D;4202.5411;01218.2477;149.8;2.1;3.0*3C;05;21.835079999999998
20230116 090151.770123;1673856111.770123;False;3D;4202.5389;01218.2508;149.7;2.1;3.0*3C;05;20.90908
20230116 090152.770816;1673856112.770816;False;3D;4202.5367;01218.2533;149.3;2.1;3.0*3C;05;18.538520000000002
20230116 090154.098562;1673856114.098562;False;3D;4202.5344;01218.2548;148.8;2.1;3.0*3C;05;17.242120000000003
20230116 090154.773541;1673856114.773541;False;3D;4202.5317;01218.2552;148.5;2.1;3.0*3C;05;18.594079999999998
20230116 090155.770691;1673856115.770691;False;3D;4202.5286;01218.2548;148.7;2.1;3.0*3C;05;21.81656
20230116 090156.772279;1673856116.772279;False;3D;4202.5252;01218.2541;148.8;2.1;3.0*3C;05;23.50188
20230116 090157.773940;1673856117.77394;False;3D;4202.5217;01218.2534;148.6;2.1;3.0*3C;05;23.779680000000003
20230116 090159.091116;1673856119.091116;False;3D;4202.5184;01218.2528;148.6;2.1;3.0*3C;05;22.90924
20230116 090159.773141;1673856119.773141;False;3D;4202.5154;01218.2524;148.5;2.1;3.0*3C;05;19.1682
20230116 090200.770858;1673856120.770858;False;3D;4202.5131;01218.2520;148.6;2.1;3.0*3C;05;14.038160000000001
20230116 090201.765420;1673856121.76542;False;3D;4202.5117;01218.2511;148.3;2.1;3.0*3C;05;10.22304
20230116 090202.782693;1673856122.782693;False;3D;4202.5105;01218.2499;147.8;2.1;3.0*3C;05;8.85256
20230116 090204.092338;1673856124.092338;False;3D;4202.5103;01218.2484;147.5;2.1;3.0*3C;05;7.37096
20230116 090204.772170;1673856124.77217;False;3D;4202.5104;01218.2469;147.2;2.1;3.0*3C;05;6.53756
20230116 090205.770306;1673856125.770306;False;3D;4202.5107;01218.2457;147.0;2.1;3.0*3C;05;4.7226
20230116 090206.771007;1673856126.771007;False;3D;4202.5110;01218.2449;146.8;2.1;3.0*3C;05;2.88912
20230116 090207.771383;1673856127.771383;False;3D;4202.5113;01218.2441;147.1;2.1;3.0*3C;05;3.35212
20230116 090209.084204;1673856129.084204;False;3D;4202.5115;01218.2432;147.0;2.1;3.0*3C;05;3.94476
20230116 090209.767273;1673856129.767273;False;3D;4202.5119;01218.2419;147.2;2.1;3.0*3C;05;6.130120000000001
20230116 090210.764406;1673856130.764406;False;3D;4202.5122;01218.2404;147.6;2.1;3.0*3C;05;7.1672400000000005
20230116 090211.776106;1673856131.776106;False;3D;4202.5125;01218.2388;147.9;2.1;3.0*3C;05;6.79684
20230116 090212.768127;1673856132.768127;False;3D;4202.5128;01218.2375;147.8;2.1;3.0*3C;05;5.2041200000000005
20230116 090214.086726;1673856134.086726;False;3D;4202.5129;01218.2367;147.6;2.1;3.0*3C;05;2.27796
20230116 090214.766429;1673856134.766429;False;3D;4202.5130;01218.2365;147.2;2.1;3.0*3C;05;0.44448
20230116 090215.770038;1673856135.770038;False;3D;4202.5131;01218.2364;147.3;2.1;3.0*3C;05;0.72228
20230116 090216.769094;1673856136.769094;False;3D;4202.5132;01218.2362;147.2;2.1;3.0*3C;05;0.24076000000000003
20230116 090217.786471;1673856137.786471;False;3D;4202.5132;01218.2362;146.7;2.1;3.0*3C;05;0.9630400000000001
20230116 090219.080592;1673856139.080592;False;3D;4202.5132;01218.2362;146.4;2.1;3.0*3C;05;0.25928
20230116 090219.766619;1673856139.766619;False;3D;4202.5133;01218.2361;146.3;2.1;3.0*3C;05;0.2778
20230116 090220.769818;1673856140.769818;False;3D;4202.5134;01218.2361;145.9;2.1;3.0*3C;05;0.6296800000000001
20230116 090221.766655;1673856141.766655;False;3D;4202.5134;01218.2360;145.8;2.1;3.0*3C;05;0.35188
20230116 090222.780123;1673856142.780123;False;3D;4202.5135;01218.2360;145.7;2.1;3.0*3C;05;0.2778
20230116 090224.081257;1673856144.081257;False;3D;4202.5136;01218.2359;145.9;2.1;3.0*3C;05;0.44448
20230116 090224.766202;1673856144.766202;False;3D;4202.5137;01218.2358;145.4;2.1;3.0*3C;05;0.7963600000000001
20230116 090225.771594;1673856145.771594;False;3D;4202.5138;01218.2358;145.6;2.1;3.0*3C;05;0.25928
20230116 090226.770218;1673856146.770218;False;3D;4202.5138;01218.2357;145.6;2.1;3.0*3C;05;0.29632000000000003
20230116 090227.774705;1673856147.774705;False;3D;4202.5138;01218.2357;145.1;2.1;3.0*3C;05;0.31484000000000006
20230116 090229.090435;1673856149.090435;False;3D;4202.5137;01218.2357;144.4;2.1;3.0*3C;05;0.37040000000000006
20230116 090229.772624;1673856149.772624;False;3D;4202.5137;01218.2357;144.0;2.1;3.0*3C;05;0.29632000000000003
20230116 090230.767861;1673856150.767861;False;3D;4202.5137;01218.2356;143.9;2.1;3.0*3C;05;0.44448
20230116 090231.771173;1673856151.771173;False;3D;4202.5137;01218.2356;143.4;2.1;3.0*3C;05;0.6482
20230116 090232.769935;1673856152.769935;False;3D;4202.5136;01218.2356;142.8;2.1;3.0*3C;05;0.42596000000000006
20230116 090234.088661;1673856154.088661;False;3D;4202.5135;01218.2356;142.2;2.1;3.0*3C;05;0.5926400000000001
20230116 090234.769156;1673856154.769156;False;3D;4202.5136;01218.2356;142.4;2.1;3.0*3C;05;0.44448
20230116 090235.771079;1673856155.771079;False;3D;4202.5136;01218.2355;142.3;2.1;3.0*3C;05;0.33336
20230116 090236.768181;1673856156.768181;False;3D;4202.5136;01218.2355;142.1;2.1;3.0*3C;05;0.29632000000000003
20230116 090237.772449;1673856157.772449;False;3D;4202.5137;01218.2354;142.2;2.1;3.0*3C;05;0.37040000000000006
20230116 090239.093867;1673856159.093867;False;3D;4202.5137;01218.2354;142.0;2.1;3.0*3C;05;0.25928
20230116 090239.769210;1673856159.76921;False;3D;4202.5137;01218.2354;141.8;2.1;3.0*3C;05;0.5556
20230116 090240.767218;1673856160.767218;False;3D;4202.5136;01218.2355;141.1;2.1;3.0*3C;05;0.42596000000000006
20230116 090241.770875;1673856161.770875;False;3D;4202.5134;01218.2356;140.4;2.1;3.0*3C;05;0.9815600000000001
20230116 090242.783815;1673856162.783815;False;3D;4202.5134;01218.2356;140.2;2.1;3.0*3C;05;0.29632000000000003
20230116 090244.084528;1673856164.084528;False;3D;4202.5133;01218.2356;139.7;2.1;3.0*3C;05;0.81488
20230116 090244.770788;1673856164.770788;False;3D;4202.5133;01218.2355;139.4;2.1;3.0*3C;05;0.81488
20230116 090245.778305;1673856165.778305;False;3D;4202.5132;01218.2354;138.7;2.1;3.0*3C;05;0.33336
20230116 090246.778909;1673856166.778909;False;3D;4202.5130;01218.2355;137.8;2.1;3.0*3C;05;0.8334
20230116 090247.787437;1673856167.787437;False;3D;4202.5129;01218.2357;136.7;2.1;3.0*3C;05;1.1852800000000001
20230116 090249.102338;1673856169.102338;False;3D;4202.5128;01218.2358;136.4;2.1;3.0*3C;05;0.463
20230116 090249.773603;1673856169.773603;False;3D;4202.5129;01218.2357;136.6;2.1;3.0*3C;05;0.5556
20230116 090250.767804;1673856170.767804;False;3D;4202.5129;01218.2356;136.7;2.1;3.0*3C;05;0.38892
20230116 090251.771928;1673856171.771928;False;3D;4202.5129;01218.2355;137.1;2.1;3.0*3C;05;0.7408000000000001
20230116 090252.770238;1673856172.770238;False;3D;4202.5130;01218.2353;137.4;2.1;3.0*3C;05;1.3704800000000001
20230116 090254.088345;1673856174.088345;False;3D;4202.5131;01218.2350;137.5;2.1;3.0*3C;05;1.4260400000000002
20230116 090254.773381;1673856174.773381;False;3D;4202.5131;01218.2343;137.2;2.1;3.0*3C;05;4.01884
20230116 090255.774579;1673856175.774579;False;3D;4202.5133;01218.2330;137.7;2.1;3.0*3C;05;7.44504
20230116 090256.777973;1673856176.777973;False;3D;4202.5134;01218.2311;137.7;2.1;3.0*3C;05;8.85256
20230116 090257.770158;1673856177.770158;False;3D;4202.5135;01218.2291;137.8;2.1;3.0*3C;05;9.926720000000001
20230116 090259.089683;1673856179.089683;False;3D;4202.5135;01218.2271;138.0;2.1;3.0*3C;05;9.46372
20230116 090259.769250;1673856179.76925;False;3D;4202.5136;01218.2252;137.8;2.1;3.0*3C;05;8.31548
20230116 090300.771576;1673856180.771576;False;3D;4202.5136;01218.2234;137.5;2.1;3.0*3C;05;8.704400000000001
20230116 090301.767998;1673856181.767998;False;3D;4202.5138;01218.2215;137.5;2.1;3.0*3C;05;9.11184
20230116 090302.771357;1673856182.771357;False;3D;4202.5142;01218.2196;137.3;2.1;3.0*3C;05;9.88968
20230116 090304.091697;1673856184.091697;False;3D;4202.5155;01218.2177;137.5;2.1;3.0*3C;05;13.68628
20230116 090304.771948;1673856184.771948;False;3D;4202.5177;01218.2164;137.9;2.1;3.0*3C;05;15.260480000000001
20230116 090305.777690;1673856185.77769;False;3D;4202.5207;01218.2156;138.4;2.1;3.0*3C;05;19.87196
20230116 090306.773706;1673856186.773706;False;3D;4202.5240;01218.2148;139.2;2.1;3.0*3C;05;21.42764
20230116 090307.775338;1673856187.775338;False;3D;4202.5277;01218.2131;139.4;2.1;3.0*3C;05;24.70568
20230116 090309.098200;1673856189.0982;False;3D;4202.5311;01218.2109;139.9;2.1;3.0*3C;05;24.11304
20230116 090309.775833;1673856189.775833;False;3D;4202.5347;01218.2078;140.1;2.1;3.0*3C;05;28.13188
20230116 090310.775892;1673856190.775892;False;3D;4202.5381;01218.2045;140.1;2.1;3.0*3C;05;28.4282
20230116 090311.774922;1673856191.774922;False;3D;4202.5424;01218.1998;140.7;2.1;3.0*3C;05;32.57668
20230116 090312.774935;1673856192.774935;False;3D;4202.5467;01218.1945;141.4;2.1;3.0*3C;05;33.224880000000006
20230116 090314.096802;1673856194.096802;False;3D;4202.5510;01218.1887;141.6;2.1;3.0*3C;05;37.077040000000004
20230116 090314.774637;1673856194.774637;False;3D;4202.5556;01218.1820;140.5;2.1;3.0*3C;05;38.892
20230116 090315.774274;1673856195.774274;False;3D;4202.5605;01218.1755;140.2;2.1;3.0*3C;05;37.02148
20230116 090316.775338;1673856196.775338;False;3D;4202.5649;01218.1697;140.5;2.1;3.0*3C;05;36.15104
20230116 090317.797167;1673856197.797167;False;3D;4202.5695;01218.1637;141.1;2.1;3.0*3C;05;38.07712
20230116 090319.093543;1673856199.093543;False;3D;4202.5746;01218.1570;140.8;2.1;3.0*3C;05;40.26248
20230116 090319.775657;1673856199.775657;False;3D;4202.5799;01218.1502;141.1;2.1;3.0*3C;05;42.5034
20230116 090320.774947;1673856200.774947;False;3D;4202.5863;01218.1426;141.5;2.1;3.0*3C;05;48.11496
20230116 090321.773859;1673856201.773859;False;3D;4202.5926;01218.1346;139.9;2.1;3.0*3C;05;47.42972
20230116 090322.773830;1673856202.77383;False;3D;4202.5980;01218.1277;140.3;2.1;3.0*3C;05;44.818400000000004
20230116 090324.092918;1673856204.092918;False;3D;4202.6032;01218.1210;140.0;2.1;3.0*3C;05;44.17020000000001
20230116 090324.773482;1673856204.773482;False;3D;4202.6084;01218.1147;139.8;2.1;3.0*3C;05;40.429159999999996
20230116 090325.770448;1673856205.770448;False;3D;4202.6131;01218.1095;140.3;2.1;3.0*3C;05;36.336240000000004
20230116 090326.774675;1673856206.774675;False;3D;4202.6179;01218.1046;141.1;2.1;3.0*3C;05;37.188159999999996
20230116 090327.772910;1673856207.77291;False;3D;4202.6225;01218.0997;142.2;2.1;3.0*3C;05;36.577000000000005
20230116 090329.085326;1673856209.085326;False;3D;4202.6267;01218.0949;142.4;2.1;3.0*3C;05;32.706320000000005
20230116 090329.773739;1673856209.773739;False;3D;4202.6298;01218.0913;143.0;2.1;3.0*3C;05;27.63184
20230116 090330.773092;1673856210.773092;False;3D;4202.6322;01218.0888;144.0;2.1;3.0*3C;05;22.038800000000002
20230116 090331.772739;1673856211.772739;False;3D;4202.6335;01218.0873;144.4;2.1;3.0*3C;05;15.4642
20230116 090332.769798;1673856212.769798;False;3D;4202.6347;01218.0859;144.9;2.1;3.0*3C;05;11.27868
20230116 090334.083797;1673856214.083797;False;3D;4202.6356;01218.0842;145.4;2.1;3.0*3C;05;12.05652
20230116 090334.774250;1673856214.77425;False;3D;4202.6357;01218.0822;145.9;2.1;3.0*3C;05;11.87132
20230116 090335.774242;1673856215.774242;False;3D;4202.6350;01218.0800;146.3;2.1;3.0*3C;05;13.7048
20230116 090336.769208;1673856216.769208;False;3D;4202.6331;01218.0780;147.2;2.1;3.0*3C;05;16.668
20230116 090337.770256;1673856217.770256;False;3D;4202.6308;01218.0753;147.6;2.1;3.0*3C;05;21.50172
20230116 090339.091934;1673856219.091934;False;3D;4202.6278;01218.0722;148.4;2.1;3.0*3C;05;24.779760000000003
20230116 090339.773429;1673856219.773429;False;3D;4202.6242;01218.0691;149.3;2.1;3.0*3C;05;27.576280000000004
20230116 090340.774768;1673856220.774768;False;3D;4202.6199;01218.0669;149.5;2.1;3.0*3C;05;28.13188
20230116 090341.773671;1673856221.773671;False;3D;4202.6153;01218.0651;149.8;2.1;3.0*3C;05;30.187600000000003
20230116 090342.777132;1673856222.777132;False;3D;4202.6106;01218.0636;150.4;2.1;3.0*3C;05;30.0024
20230116 090344.086430;1673856224.08643;False;3D;4202.6056;01218.0620;150.8;2.1;3.0*3C;05;32.687799999999996
20230116 090344.772485;1673856224.772485;False;3D;4202.6007;01218.0603;151.2;2.1;3.0*3C;05;32.05812
20230116 090345.771595;1673856225.771595;False;3D;4202.5955;01218.0584;151.3;2.1;3.0*3C;05;35.16948
20230116 090346.773539;1673856226.773539;False;3D;4202.5900;01218.0566;151.1;2.1;3.0*3C;05;36.965920000000004
20230116 090347.803290;1673856227.80329;False;3D;4202.5845;01218.0547;151.3;2.1;3.0*3C;05;36.22512
20230116 090348.986284;1673856228.986284;False;3D;4202.5793;01218.0529;151.5;2.1;3.0*3C;05;34.817600000000006
20230116 090349.781892;1673856229.781892;False;3D;4202.5745;01218.0510;152.0;2.1;3.0*3C;05;31.81736
20230116 090350.772268;1673856230.772268;False;3D;4202.5701;01218.0494;152.5;2.1;3.0*3C;05;28.706000000000003
20230116 090351.771376;1673856231.771376;False;3D;4202.5658;01218.0478;152.8;2.1;3.0*3C;05;29.724600000000002
20230116 090352.769394;1673856232.769394;False;3D;4202.5614;01218.0465;153.1;2.1;3.0*3C;05;28.8912
20230116 090354.088515;1673856234.088515;False;3D;4202.5571;01218.0454;153.4;2.1;3.0*3C;05;26.6688
20230116 090354.777635;1673856234.777635;False;3D;4202.5532;01218.0451;154.1;2.1;3.0*3C;05;23.613
20230116 090355.771273;1673856235.771273;False;3D;4202.5497;01218.0454;154.3;2.1;3.0*3C;05;22.48328
20230116 090356.773924;1673856236.773924;False;3D;4202.5462;01218.0465;154.3;2.1;3.0*3C;05;22.24252
20230116 090357.774564;1673856237.774564;False;3D;4202.5426;01218.0481;154.2;2.1;3.0*3C;05;24.65012
20230116 090359.090878;1673856239.090878;False;3D;4202.5393;01218.0500;154.7;2.1;3.0*3C;05;23.03888
20230116 090359.772524;1673856239.772524;False;3D;4202.5358;01218.0519;155.3;2.1;3.0*3C;05;25.2798
20230116 090400.775005;1673856240.775005;False;3D;4202.5319;01218.0538;155.5;2.1;3.0*3C;05;27.18736
20230116 090401.769580;1673856241.76958;False;3D;4202.5278;01218.0562;155.8;2.1;3.0*3C;05;31.539560000000005
20230116 090402.774932;1673856242.774932;False;3D;4202.5231;01218.0587;155.8;2.1;3.0*3C;05;33.724920000000004
20230116 090404.084551;1673856244.084551;False;3D;4202.5180;01218.0614;155.6;2.1;3.0*3C;05;36.50292
20230116 090404.771390;1673856244.77139;False;3D;4202.5128;01218.0639;155.6;2.1;3.0*3C;05;36.558479999999996
20230116 090405.773537;1673856245.773537;False;3D;4202.5076;01218.0663;155.7;2.1;3.1*3D;05;35.16948
20230116 090406.773337;1673856246.773337;False;3D;4202.5029;01218.0686;156.0;2.1;3.1*3D;05;34.687960000000004
20230116 090407.772910;1673856247.77291;False;3D;4202.4981;01218.0710;156.3;2.1;3.1*3D;05;33.854560000000006
20230116 090409.079548;1673856249.079548;False;3D;4202.4933;01218.0735;156.6;2.1;3.1*3D;05;34.33608
20230116 090409.769172;1673856249.769172;False;3D;4202.4884;01218.0759;156.8;2.1;3.1*3D;05;34.22496
20230116 090410.772879;1673856250.772879;False;3D;4202.4836;01218.0784;157.1;2.1;3.1*3D;05;33.57676
20230116 090411.783293;1673856251.783293;False;3D;4202.4791;01218.0807;157.0;2.1;3.1*3D;05;32.9656
20230116 090412.773223;1673856252.773223;False;3D;4202.4749;01218.0831;156.7;2.1;3.1*3D;05;30.8358
20230116 090414.089594;1673856254.089594;False;3D;4202.4707;01218.0852;156.7;2.1;3.1*3D;05;29.131960000000003
20230116 090414.772971;1673856254.772971;False;3D;4202.4676;01218.0870;156.6;2.1;3.1*3D;05;23.631520000000002
20230116 090415.771743;1673856255.771743;False;3D;4202.4657;01218.0883;157.0;2.1;3.1*3D;05;18.3348
20230116 090416.771569;1673856256.771569;False;3D;4202.4644;01218.0892;157.5;2.1;3.1*3D;05;12.83436
20230116 090417.778401;1673856257.778401;False;3D;4202.4628;01218.0897;157.2;2.1;3.1*3D;05;10.13044
20230116 090419.091304;1673856259.091304;False;3D;4202.4611;01218.0902;156.7;2.1;3.1*3D;05;11.27868
20230116 090419.772294;1673856259.772294;False;3D;4202.4594;01218.0907;156.7;2.1;3.1*3D;05;11.019400000000001
20230116 090420.771811;1673856260.771811;False;3D;4202.4579;01218.0912;156.8;2.1;3.1*3D;05;11.408320000000002
20230116 090421.773513;1673856261.773513;False;3D;4202.4563;01218.0920;156.2;2.1;3.1*3D;05;11.14904
20230116 090422.768432;1673856262.768432;False;3D;4202.4547;01218.0932;155.5;2.1;3.1*3D;05;13.01956
20230116 090424.158297;1673856264.158297;False;3D;4202.4529;01218.0954;154.3;2.1;3.1*3D;05;16.612440000000003
20230116 090424.774887;1673856264.774887;False;3D;4202.4513;01218.0987;153.7;2.1;3.1*3D;05;19.3534
20230116 090425.775762;1673856265.775762;False;3D;4202.4505;01218.1029;153.7;2.1;3.1*3D;05;22.29808
20230116 090426.773605;1673856266.773605;False;3D;4202.4499;01218.1078;153.9;2.1;3.1*3D;05;25.094600000000003
20230116 090427.775154;1673856267.775154;False;3D;4202.4489;01218.1127;154.0;2.1;3.1*3D;05;24.15008
20230116 090429.091587;1673856269.091587;False;3D;4202.4479;01218.1176;154.0;2.1;3.1*3D;05;24.187120000000004
20230116 090429.772678;1673856269.772678;False;3D;4202.4467;01218.1230;153.9;2.1;3.1*3D;05;28.243000000000002
20230116 090430.779839;1673856270.779839;False;3D;4202.4450;01218.1293;153.5;2.1;3.1*3D;05;33.50268
20230116 090431.784810;1673856271.78481;False;3D;4202.4435;01218.1362;153.7;2.1;3.1*3D;05;35.5584
20230116 090432.775563;1673856272.775563;False;3D;4202.4421;01218.1434;153.9;2.1;3.1*3D;05;35.63248
20230116 090434.093306;1673856274.093306;False;3D;4202.4411;01218.1501;154.2;2.1;3.1*3D;05;32.595200000000006
20230116 090434.775670;1673856274.77567;False;3D;4202.4404;01218.1562;154.3;2.1;3.1*3D;05;29.687560000000005
20230116 090435.774063;1673856275.774063;False;3D;4202.4399;01218.1614;154.4;2.1;3.1*3D;05;25.15016
20230116 090436.801173;1673856276.801173;False;3D;4202.4388;01218.1658;154.8;2.1;3.1*3D;05;22.44624
20230116 090437.773316;1673856277.773316;False;3D;4202.4377;01218.1683;154.7;2.1;3.1*3D;05;16.89024
20230116 090439.090265;1673856279.090265;False;3D;4202.4376;01218.1689;154.4;2.1;3.1*3D;05;9.74152
20230116 090439.775847;1673856279.775847;False;3D;4202.4370;01218.1692;154.2;2.1;3.1*3D;05;7.51912
20230116 090440.774176;1673856280.774176;False;3D;4202.4359;01218.1691;153.4;2.1;3.1*3D;05;10.074880000000002
20230116 090441.774192;1673856281.774192;False;3D;4202.4340;01218.1688;152.9;2.1;3.1*3D;05;13.964080000000001
20230116 090442.772797;1673856282.772797;False;3D;4202.4311;01218.1683;152.4;2.1;3.1*3D;05;19.40896
20230116 090444.090028;1673856284.090028;False;3D;4202.4274;01218.1678;152.0;2.1;3.1*3D;05;25.557600000000004
20230116 090444.773161;1673856284.773161;False;3D;4202.4233;01218.1673;151.9;2.1;3.1*3D;05;28.668960000000002
20230116 090445.777569;1673856285.777569;False;3D;4202.4191;01218.1668;151.3;2.1;3.1*3D;05;27.18736
20230116 090446.773380;1673856286.77338;False;3D;4202.4157;01218.1664;151.0;2.1;3.1*3D;05;22.835160000000002
20230116 090447.772939;1673856287.772939;False;3D;4202.4130;01218.1661;150.7;2.1;3.1*3D;05;18.779280000000004
20230116 090449.092203;1673856289.092203;False;3D;4202.4110;01218.1661;150.4;4.8;6.5*3A;04;15.279
20230116 090449.776436;1673856289.776436;False;3D;4202.4094;01218.1660;150.1;2.1;3.1*3D;05;11.87132
20230116 090450.772835;1673856290.772835;False;3D;4202.4078;01218.1657;149.9;2.1;3.1*3D;05;11.649080000000001
20230116 090451.772761;1673856291.772761;False;3D;4202.4057;01218.1656;149.9;2.1;3.1*3D;05;15.204920000000003
20230116 090452.773809;1673856292.773809;False;3D;4202.4034;01218.1656;149.7;2.1;3.1*3D;05;16.33464
20230116 090454.083928;1673856294.083928;False;3D;4202.4006;01218.1652;149.5;2.1;3.1*3D;05;19.223760000000002
20230116 090454.777379;1673856294.777379;False;3D;4202.3973;01218.1647;149.3;2.1;3.1*3D;05;22.1314
20230116 090455.776513;1673856295.776513;False;3D;4202.3939;01218.1637;149.1;2.1;3.1*3D;05;22.57588
20230116 090456.774300;1673856296.7743;False;3D;4202.3905;01218.1620;148.6;2.1;3.1*3D;05;24.13156
20230116 090457.781521;1673856297.781521;False;3D;4202.3872;01218.1593;148.1;2.1;3.1*3D;05;26.372480000000003
20230116 090459.086891;1673856299.086891;False;3D;4202.3853;01218.1544;146.8;2.1;3.1*3D;05;25.557600000000004
20230116 090459.775196;1673856299.775196;False;3D;4202.3830;01218.1502;146.5;2.1;3.1*3D;05;24.22416
20230116 090500.777536;1673856300.777536;False;3D;4202.3808;01218.1467;146.2;2.1;3.1*3D;05;21.14984
20230116 090501.775598;1673856301.775598;False;3D;4202.3786;01218.1441;146.4;2.1;3.1*3D;05;18.50148
20230116 090502.774480;1673856302.77448;False;3D;4202.3772;01218.1423;146.8;2.1;3.1*3D;05;14.945640000000001
20230116 090504.089459;1673856304.089459;False;3D;4202.3761;01218.1407;147.4;2.1;3.1*3D;05;12.741760000000001
20230116 090504.774237;1673856304.774237;False;3D;4202.3765;01218.1386;147.3;2.1;3.1*3D;05;10.50084
20230116 090505.775354;1673856305.775354;False;3D;4202.3772;01218.1364;146.8;2.1;3.1*3D;05;9.426680000000001
20230116 090506.774211;1673856306.774211;False;3D;4202.3781;01218.1339;146.4;2.1;3.1*3D;05;10.50084
20230116 090507.779452;1673856307.779452;False;3D;4202.3806;01218.1305;146.2;2.1;3.1*3D;05;15.186399999999999
20230116 090509.095430;1673856309.09543;False;3D;4202.3850;01218.1257;146.1;2.1;3.1*3D;05;23.094440000000002
20230116 090509.777069;1673856309.777069;False;3D;4202.3911;01218.1187;144.6;2.1;3.1*3D;05;32.28036
20230116 090510.777206;1673856310.777206;False;3D;4202.3952;01218.1142;144.5;2.1;3.1*3D;05;29.354200000000002
20230116 090511.786207;1673856311.786207;False;3D;4202.3991;01218.1096;143.6;2.1;3.1*3D;05;29.280120000000004
20230116 090512.768217;1673856312.768217;False;3D;4202.4023;01218.1055;142.3;2.7;4.9*3A;04;28.780079999999998
20230116 090514.090169;1673856314.090169;False;3D;4202.4038;01218.1031;142.1;2.7;4.9*3A;04;22.37216
20230116 090514.763384;1673856314.763384;False;3D;4202.4040;01218.1019;141.5;2.7;4.9*3A;04;14.0752
20230116 090515.762572;1673856315.762572;False;3D;4202.4036;01218.1010;140.6;2.7;4.9*3A;04;9.46372
20230116 090516.776594;1673856316.776594;False;3D;4202.4024;01218.0998;139.5;2.1;3.1*3D;05;10.63048
20230116 090517.781378;1673856317.781378;False;3D;4202.4008;01218.0985;139.0;2.1;3.1*3D;05;12.48248
20230116 090519.096627;1673856319.096627;False;3D;4202.3991;01218.0969;139.1;2.1;3.1*3D;05;14.61228
20230116 090519.764057;1673856319.764057;False;2D;4202.3973;01218.0958;139.4;6.2;1.0*32;03;13.0566
20230116 090520.774556;1673856320.774556;False;3D;4202.3942;01218.0960;139.9;2.7;4.9*3A;04;17.3162
20230116 090521.768731;1673856321.768731;False;3D;4202.3919;01218.0963;140.6;2.7;4.9*3A;04;15.260480000000001
20230116 090522.769673;1673856322.769673;False;3D;4202.3894;01218.0967;142.6;2.7;4.9*3A;04;15.093800000000002
20230116 090524.089686;1673856324.089686;False;3D;4202.3865;01218.0974;144.2;2.7;4.9*3A;04;17.61252
20230116 090524.778470;1673856324.77847;False;3D;4202.3834;01218.0976;142.5;2.1;3.1*3D;05;16.5754
20230116 090525.775581;1673856325.775581;False;3D;4202.3809;01218.0974;142.4;2.1;3.1*3D;05;15.223440000000002
20230116 090526.774958;1673856326.774958;False;3D;4202.3790;01218.0971;141.8;2.1;3.1*3D;05;13.0566
20230116 090527.774327;1673856327.774327;False;3D;4202.3770;01218.0964;141.4;2.1;3.1*3D;05;16.205000000000002
20230116 090529.090604;1673856329.090604;False;3D;4202.3745;01218.0957;140.3;2.1;3.1*3D;05;16.353160000000003
20230116 090529.774991;1673856329.774991;False;3D;4202.3723;01218.0952;141.5;2.1;3.1*3D;05;20.52016
20230116 090530.772531;1673856330.772531;False;3D;4202.3695;01218.0947;142.7;2.1;3.1*3D;05;23.946360000000002
20230116 090531.772136;1673856331.772136;False;3D;4202.3653;01218.0937;143.4;2.1;3.1*3D;05;28.6134
20230116 090532.774589;1673856332.774589;False;3D;4202.3602;01218.0927;144.1;2.1;3.1*3D;05;34.09532
20230116 090534.098865;1673856334.098865;False;3D;4202.3541;01218.0916;143.6;2.1;3.1*3D;05;36.299200000000006
20230116 090534.776299;1673856334.776299;False;3D;4202.3476;01218.0908;143.2;2.1;3.1*3D;05;39.2624
20230116 090535.781193;1673856335.781193;False;3D;4202.3413;01218.0905;143.5;2.1;3.1*3D;05;40.29952000000001
20230116 090536.771954;1673856336.771954;False;3D;4202.3351;01218.0900;143.6;2.1;3.1*3D;05;40.85512
20230116 090537.775862;1673856337.775862;False;3D;4202.3287;01218.0894;143.6;2.1;3.1*3D;05;41.466280000000005
20230116 090539.101120;1673856339.10112;False;3D;4202.3229;01218.0889;143.3;2.1;3.1*3D;05;36.87332
20230116 090539.774181;1673856339.774181;False;3D;4202.3178;01218.0882;143.1;2.1;3.1*3D;05;33.391560000000005
20230116 090540.774404;1673856340.774404;False;3D;4202.3136;01218.0876;143.6;2.1;3.1*3D;05;29.96536
20230116 090541.773214;1673856341.773214;False;3D;4202.3098;01218.0869;143.7;2.1;3.1*3D;05;25.8354
20230116 090542.774490;1673856342.77449;False;3D;4202.3059;01218.0863;143.2;2.1;3.1*3D;05;26.07616
20230116 090544.103602;1673856344.103602;False;3D;4202.3020;01218.0858;143.6;2.1;3.1*3D;05;25.594640000000002
20230116 090544.771419;1673856344.771419;False;3D;4202.2979;01218.0852;143.9;2.1;3.1*3D;05;29.465320000000002
20230116 090545.774863;1673856345.774863;False;3D;4202.2934;01218.0846;143.9;2.1;3.1*3D;05;30.31724
20230116 090546.773995;1673856346.773995;False;3D;4202.2886;01218.0840;143.9;2.1;3.1*3D;05;32.00256
20230116 090547.771178;1673856347.771178;False;3D;4202.2836;01218.0834;143.8;2.1;3.1*3D;05;32.9656
20230116 090549.091883;1673856349.091883;False;3D;4202.2783;01218.0828;143.5;2.1;3.1*3D;05;32.20628
20230116 090549.777030;1673856349.77703;False;3D;4202.2734;01218.0821;143.0;2.1;3.1*3D;05;31.35436
20230116 090550.771527;1673856350.771527;False;3D;4202.2686;01218.0820;143.0;2.1;3.1*3D;05;31.372880000000006
20230116 090551.779726;1673856351.779726;False;3D;4202.2640;01218.0817;142.9;2.1;3.1*3D;05;30.42836
20230116 090552.778811;1673856352.778811;False;3D;4202.2598;01218.0820;143.2;2.1;3.1*3D;05;26.631760000000003
20230116 090554.088104;1673856354.088104;False;3D;4202.2559;01218.0818;142.7;2.1;3.1*3D;05;25.928
20230116 090554.774029;1673856354.774029;False;3D;4202.2519;01218.0814;142.0;2.1;3.1*3D;05;27.2244
20230116 090555.780433;1673856355.780433;False;3D;4202.2478;01218.0813;142.0;2.1;3.1*3D;05;27.576280000000004
20230116 090556.776232;1673856356.776232;False;3D;4202.2436;01218.0810;142.1;2.1;3.1*3D;05;27.65036
20230116 090557.775388;1673856357.775388;False;3D;4202.2395;01218.0803;142.2;2.1;3.1*3D;05;28.650440000000003
20230116 090559.089782;1673856359.089782;False;3D;4202.2361;01218.0801;142.7;2.1;3.1*3D;05;25.483520000000002
20230116 090559.774504;1673856359.774504;False;3D;4202.2338;01218.0798;142.6;2.1;3.1*3D;05;21.298000000000002
20230116 090600.774053;1673856360.774053;False;3D;4202.2320;01218.0801;142.7;2.1;3.1*3D;05;17.64956
20230116 090601.775901;1673856361.775901;False;3D;4202.2292;01218.0802;142.9;2.1;3.1*3D;05;14.66784
20230116 090602.773772;1673856362.773772;False;3D;4202.2266;01218.0801;143.1;2.1;3.1*3D;05;16.612440000000003
20230116 090604.088344;1673856364.088344;False;3D;4202.2246;01218.0798;142.7;2.1;3.1*3D;05;14.556720000000002
20230116 090604.774550;1673856364.77455;False;3D;4202.2228;01218.0796;143.3;2.1;3.1*3D;05;13.44552
20230116 090605.769393;1673856365.769393;False;3D;4202.2203;01218.0792;143.3;2.1;3.1*3D;05;13.6122
20230116 090606.771325;1673856366.771325;False;3D;4202.2176;01218.0789;143.1;2.1;3.1*3D;05;16.612440000000003
20230116 090607.773459;1673856367.773459;False;3D;4202.2145;01218.0786;143.4;2.1;3.1*3D;05;18.52
20230116 090609.087940;1673856369.08794;False;3D;4202.2118;01218.0778;143.8;2.1;3.1*3D;05;17.834760000000003
20230116 090609.774016;1673856369.774016;False;3D;4202.2091;01218.0763;144.2;2.1;3.1*3D;05;19.77936
20230116 090610.773571;1673856370.773571;False;3D;4202.2061;01218.0754;144.8;2.1;3.1*3D;05;21.72396
20230116 090611.777085;1673856371.777085;False;3D;4202.2032;01218.0740;145.3;2.1;3.1*3D;05;19.96456
20230116 090612.768075;1673856372.768075;False;3D;4202.1993;01218.0731;145.5;2.7;4.8*38;04;23.22408
20230116 090614.082706;1673856374.082706;False;3D;4202.1949;01218.0725;145.7;2.7;4.8*38;04;24.57604
20230116 090614.765595;1673856374.765595;False;3D;4202.1912;01218.0715;146.0;2.7;4.8*38;04;23.37224
20230116 090615.766804;1673856375.766804;False;3D;4202.1875;01218.0705;146.4;2.7;4.8*38;04;20.797960000000003
20230116 090616.772468;1673856376.772468;False;3D;4202.1834;01218.0695;146.4;2.7;4.8*38;04;22.335120000000003
20230116 090617.766474;1673856377.766474;False;3D;4202.1797;01218.0685;146.8;2.7;4.8*38;04;22.186960000000003
20230116 090619.097096;1673856379.097096;False;3D;4202.1756;01218.0675;147.1;2.1;3.1*3D;05;23.96488
20230116 090619.773824;1673856379.773824;False;3D;4202.1711;01218.0670;146.1;2.1;3.1*3D;05;24.89088
20230116 090620.777198;1673856380.777198;False;3D;4202.1657;01218.0670;144.9;2.1;3.1*3D;05;27.576280000000004
20230116 090621.771674;1673856381.771674;False;3D;4202.1605;01218.0670;144.2;2.1;3.1*3D;05;27.094760000000004
20230116 090622.774039;1673856382.774039;False;3D;4202.1548;01218.0672;143.7;2.1;3.1*3D;05;27.16884
20230116 090624.093660;1673856384.09366;False;3D;4202.1500;01218.0663;142.0;2.1;3.1*3D;05;27.317
20230116 090624.773997;1673856384.773997;False;3D;4202.1451;01218.0656;141.3;2.1;3.1*3D;05;26.798440000000003
20230116 090625.773472;1673856385.773472;False;3D;4202.1403;01218.0654;140.9;2.1;3.1*3D;05;27.335520000000002
20230116 090626.775764;1673856386.775764;False;3D;4202.1360;01218.0656;140.5;2.1;3.1*3D;05;24.50196
20230116 090627.778143;1673856387.778143;False;3D;4202.1325;01218.0655;140.2;2.1;3.1*3D;05;20.72388
20230116 090629.089362;1673856389.089362;False;3D;4202.1297;01218.0652;139.6;2.1;3.1*3D;05;14.315960000000002
20230116 090629.772990;1673856389.77299;False;3D;4202.1278;01218.0655;139.4;2.1;3.1*3D;05;11.704640000000001
20230116 090630.776064;1673856390.776064;False;3D;4202.1263;01218.0669;139.3;2.1;3.1*3D;05;10.8342
20230116 090631.778605;1673856391.778605;False;3D;4202.1256;01218.0688;139.3;2.1;3.1*3D;05;9.611880000000001
20230116 090632.770745;1673856392.770745;False;3D;4202.1253;01218.0705;138.9;2.1;3.1*3D;05;6.8894400000000005
20230116 090634.088748;1673856394.088748;False;3D;4202.1250;01218.0715;138.2;2.1;3.1*3D;05;1.2408400000000002
20230116 090634.769470;1673856394.76947;False;3D;4202.1247;01218.0716;137.5;2.1;3.1*3D;05;1.1112
20230116 090635.768654;1673856395.768654;False;3D;4202.1244;01218.0713;136.9;2.1;3.1*3D;05;3.22248
20230116 090636.768886;1673856396.768886;False;3D;4202.1241;01218.0707;136.4;2.1;3.1*3D;05;3.16692
20230116 090637.773963;1673856397.773963;False;3D;4202.1239;01218.0702;136.3;2.1;3.1*3D;05;3.4632400000000003
20230116 090639.088293;1673856399.088293;False;3D;4202.1237;01218.0694;135.9;2.1;3.1*3D;05;3.9818000000000002
20230116 090639.768376;1673856399.768376;False;3D;4202.1236;01218.0685;135.0;2.1;3.1*3D;05;3.1854400000000003
20230116 090640.771269;1673856400.771269;False;3D;4202.1235;01218.0680;134.3;2.1;3.1*3D;05;0.66672
20230116 090641.769447;1673856401.769447;False;3D;4202.1235;01218.0679;133.8;2.1;3.1*3D;05;0.38892
20230116 090642.768081;1673856402.768081;False;3D;4202.1236;01218.0678;133.2;2.1;3.1*3D;05;1.03712
20230116 090644.091038;1673856404.091038;False;3D;4202.1241;01218.0681;132.7;2.1;3.1*3D;05;5.14856
20230116 090644.767746;1673856404.767746;False;3D;4202.1256;01218.0683;132.2;2.1;3.1*3D;05;9.685960000000001
20230116 090645.769625;1673856405.769625;False;3D;4202.1275;01218.0681;131.9;2.1;3.1*3D;05;13.46404
20230116 090646.763702;1673856406.763702;False;3D;4202.1298;01218.0679;131.3;2.7;4.8*38;04;15.686440000000003
20230116 090647.772094;1673856407.772094;False;3D;4202.1332;01218.0683;131.2;2.1;3.1*3D;05;20.40904
20230116 090649.109427;1673856409.109427;False;3D;4202.1376;01218.0691;131.3;2.1;3.1*3D;05;26.46508
20230116 090649.767380;1673856409.76738;False;3D;4202.1423;01218.0698;130.7;2.1;3.1*3D;05;29.687560000000005
20230116 090650.768820;1673856410.76882;False;3D;4202.1473;01218.0705;130.4;2.1;3.1*3D;05;31.169159999999998
20230116 090651.771286;1673856411.771286;False;3D;4202.1522;01218.0714;129.9;2.1;3.1*3D;05;31.206200000000003
20230116 090652.771736;1673856412.771736;False;3D;4202.1573;01218.0725;129.6;2.1;3.1*3D;05;32.00256
20230116 090654.091397;1673856414.091397;False;3D;4202.1631;01218.0738;129.9;2.1;3.1*3D;05;35.39172
20230116 090654.770762;1673856414.770762;False;3D;4202.1693;01218.0752;129.7;2.1;3.1*3D;05;38.52160000000001
20230116 090655.772049;1673856415.772049;False;3D;4202.1764;01218.0765;129.9;2.1;3.1*3D;05;43.07752000000001
20230116 090656.769014;1673856416.769014;False;3D;4202.1839;01218.0778;129.9;2.7;4.8*38;04;45.2814
20230116 090657.764777;1673856417.764777;False;3D;4202.1917;01218.0784;129.5;2.7;4.8*38;04;45.54068
20230116 090659.086605;1673856419.086605;False;3D;4202.1992;01218.0791;130.3;2.1;3.1*3D;05;44.41096
20230116 090659.776559;1673856419.776559;False;3D;4202.2060;01218.0794;131.5;2.1;3.1*3D;05;42.18856
20230116 090700.782346;1673856420.782346;False;3D;4202.2117;01218.0798;133.1;2.1;3.1*3D;05;37.29928
20230116 090701.776350;1673856421.77635;False;3D;4202.2175;01218.0794;134.6;2.1;3.1*3D;05;35.5584
20230116 090702.780597;1673856422.780597;False;3D;4202.2222;01218.0793;136.0;2.1;3.1*3D;05;30.446880000000004
20230116 090704.093926;1673856424.093926;False;3D;4202.2265;01218.0793;137.4;2.1;3.1*3D;05;26.205800000000004
20230116 090704.772332;1673856424.772332;False;3D;4202.2292;01218.0798;139.3;2.1;3.1*3D;05;23.27964
20230116 090705.772250;1673856425.77225;False;3D;4202.2330;01218.0806;140.1;2.1;3.1*3D;05;28.187440000000002
20230116 090706.776751;1673856426.776751;False;3D;4202.2368;01218.0807;140.9;2.1;3.1*3D;05;28.5208
20230116 090707.764608;1673856427.764608;False;3D;4202.2398;01218.0814;142.3;2.7;4.8*38;04;26.98364
20230116 090709.089307;1673856429.089307;False;3D;4202.2441;01218.0830;143.7;2.7;4.8*38;04;29.594960000000004
20230116 090709.767420;1673856429.76742;False;3D;4202.2503;01218.0837;145.2;2.1;3.1*3D;05;33.4286
20230116 090710.769277;1673856430.769277;False;3D;4202.2560;01218.0839;145.4;2.1;3.1*3D;05;32.39148
20230116 090711.771434;1673856431.771434;False;3D;4202.2610;01218.0840;146.1;2.1;3.1*3D;05;31.021
20230116 090712.771675;1673856432.771675;False;3D;4202.2658;01218.0844;147.5;2.1;3.1*3D;05;30.372799999999998
20230116 090714.090035;1673856434.090035;False;3D;4202.2722;01218.0850;147.8;2.1;3.1*3D;05;36.299200000000006
20230116 090714.768164;1673856434.768164;False;3D;4202.2800;01218.0860;147.8;2.1;3.1*3D;05;45.24436
20230116 090715.771943;1673856435.771943;False;3D;4202.2878;01218.0868;147.6;2.1;3.1*3D;05;46.26296
20230116 090716.769783;1673856436.769783;False;3D;4202.2951;01218.0875;148.1;2.1;3.1*3D;05;44.207240000000006
20230116 090717.769163;1673856437.769163;False;3D;4202.3015;01218.0882;148.8;2.1;3.1*3D;05;40.836600000000004
20230116 090719.089138;1673856439.089138;False;3D;4202.3072;01218.0885;149.2;2.1;3.1*3D;05;38.058600000000006
20230116 090719.770907;1673856439.770907;False;3D;4202.3127;01218.0889;149.9;2.1;3.1*3D;05;34.650920000000006
20230116 090720.770797;1673856440.770797;False;3D;4202.3176;01218.0894;150.5;2.1;3.1*3D;05;32.72484000000001
20230116 090721.770348;1673856441.770348;False;3D;4202.3225;01218.0901;150.6;2.1;3.1*3D;05;33.57676
20230116 090722.769150;1673856442.76915;False;3D;4202.3275;01218.0910;150.5;2.1;3.1*3D;05;34.11384
20230116 090724.094391;1673856444.094391;False;3D;4202.3329;01218.0918;150.7;2.1;3.1*3D;05;35.317640000000004
20230116 090724.776252;1673856444.776252;False;3D;4202.3385;01218.0924;151.0;2.1;3.1*3D;05;35.24356
20230116 090725.768790;1673856445.76879;False;3D;4202.3443;01218.0933;151.6;2.1;3.1*3D;05;38.63272
20230116 090726.775716;1673856446.775716;False;3D;4202.3504;01218.0948;151.8;2.1;3.1*3D;05;42.05892
20230116 090727.772180;1673856447.77218;False;3D;4202.3568;01218.0964;152.1;2.1;3.1*3D;05;40.669920000000005
20230116 090729.117709;1673856449.117709;False;3D;4202.3632;01218.0975;152.3;2.1;3.1*3D;05;40.11432
20230116 090729.771237;1673856449.771237;False;3D;4202.3694;01218.0982;152.0;2.1;3.1*3D;05;39.2624
20230116 090730.774490;1673856450.77449;False;3D;4202.3754;01218.0993;152.7;2.1;3.1*3D;05;37.188159999999996
20230116 090731.772081;1673856451.772081;False;3D;4202.3810;01218.1001;153.1;2.1;3.1*3D;05;34.94724
20230116 090732.774339;1673856452.774339;False;3D;4202.3859;01218.1005;153.5;2.1;3.1*3D;05;31.150640000000003
20230116 090734.087238;1673856454.087238;False;3D;4202.3903;01218.1007;153.8;2.1;3.1*3D;05;26.42804
20230116 090734.774719;1673856454.774719;False;3D;4202.3937;01218.1009;154.1;2.1;3.1*3D;05;20.98316
20230116 090735.769306;1673856455.769306;False;3D;4202.3962;01218.1011;155.2;2.1;3.1*3D;05;15.982760000000003
20230116 090736.767842;1673856456.767842;False;3D;4202.3978;01218.1015;156.0;2.1;3.1*3D;05;11.167560000000002
20230116 090737.770917;1673856457.770917;False;3D;4202.3991;01218.1019;156.0;2.1;3.1*3D;05;10.70456
20230116 090739.087606;1673856459.087606;False;3D;4202.4008;01218.1022;156.0;2.1;3.1*3D;05;13.5196
20230116 090739.766969;1673856459.766969;False;3D;4202.4032;01218.1023;155.2;2.1;3.1*3D;05;18.594079999999998
20230116 090740.768771;1673856460.768771;False;3D;4202.4063;01218.1024;154.5;2.1;3.1*3D;05;22.687
20230116 090741.773012;1673856461.773012;False;3D;4202.4103;01218.1022;154.1;2.1;3.1*3D;05;27.98372
20230116 090742.773781;1673856462.773781;False;3D;4202.4149;01218.1015;153.5;2.1;3.1*3D;05;32.05812
20230116 090744.095373;1673856464.095373;False;3D;4202.4198;01218.1007;152.8;2.1;3.1*3D;05;33.095240000000004
20230116 090744.774638;1673856464.774638;False;3D;4202.4247;01218.0999;152.9;2.1;3.1*3D;05;32.61372
20230116 090745.777669;1673856465.777669;False;3D;4202.4297;01218.0991;153.1;2.1;3.1*3D;05;32.35444
20230116 090746.781392;1673856466.781392;False;3D;4202.4344;01218.0981;153.1;2.1;3.1*3D;05;30.22464
20230116 090747.776846;1673856467.776846;False;3D;4202.4385;01218.0968;152.9;2.1;3.1*3D;05;26.87252
20230116 090749.091789;1673856469.091789;False;3D;4202.4421;01218.0958;152.8;2.1;3.1*3D;05;23.557440000000003
20230116 090749.779561;1673856469.779561;False;3D;4202.4453;01218.0951;151.6;2.1;3.1*3D;05;21.223920000000003
20230116 090750.773472;1673856470.773472;False;3D;4202.4484;01218.0952;151.7;2.1;3.1*3D;05;20.797960000000003
20230116 090751.773755;1673856471.773755;False;3D;4202.4514;01218.0959;151.7;2.1;3.1*3D;05;20.22384
20230116 090752.773227;1673856472.773227;False;3D;4202.4536;01218.0977;151.2;2.1;3.1*3D;05;17.85328
20230116 090754.095461;1673856474.095461;False;3D;4202.4545;01218.1008;150.8;2.1;3.1*3D;05;17.0384
20230116 090754.772996;1673856474.772996;False;3D;4202.4541;01218.1054;150.5;2.1;3.1*3D;05;19.00152
20230116 090755.770291;1673856475.770291;False;3D;4202.4524;01218.1115;150.2;2.1;3.1*3D;05;25.76132
20230116 090756.775388;1673856476.775388;False;3D;4202.4495;01218.1190;149.2;2.1;3.1*3D;05;33.836040000000004
20230116 090757.774307;1673856477.774307;False;3D;4202.4471;01218.1262;148.7;2.1;3.1*3D;05;34.92872
20230116 090759.095005;1673856479.095005;False;3D;4202.4450;01218.1336;148.7;2.1;3.1*3D;05;37.05852
20230116 090759.776064;1673856479.776064;False;3D;4202.4435;01218.1414;148.6;2.1;3.1*3D;05;38.96608
20230116 090800.773906;1673856480.773906;False;3D;4202.4428;01218.1490;148.6;2.1;3.1*3D;05;35.63248
20230116 090801.782924;1673856481.782924;False;3D;4202.4423;01218.1557;148.7;2.1;3.1*3D;05;30.891360000000002
20230116 090802.771456;1673856482.771456;False;3D;4202.4417;01218.1611;149.1;2.1;3.1*3D;05;24.85384
20230116 090804.097367;1673856484.097367;False;3D;4202.4413;01218.1651;148.9;2.1;3.1*3D;05;18.35332
20230116 090804.771838;1673856484.771838;False;3D;4202.4408;01218.1677;148.8;2.1;3.1*3D;05;13.667760000000001
20230116 090805.771881;1673856485.771881;False;3D;4202.4399;01218.1697;148.3;2.1;3.1*32;05;10.94532
20230116 090806.771944;1673856486.771944;False;3D;4202.4385;01218.1712;148.9;2.1;3.1*32;05;10.167480000000001
20230116 090807.771744;1673856487.771744;False;3D;4202.4367;01218.1722;149.9;2.1;3.1*32;05;12.07504
20230116 090809.084649;1673856489.084649;False;3D;4202.4346;01218.1721;149.4;2.1;3.1*32;05;14.0752
20230116 090809.777316;1673856489.777316;False;3D;4202.4324;01218.1716;149.4;2.1;3.1*32;05;14.167800000000002
20230116 090810.771391;1673856490.771391;False;3D;4202.4305;01218.1712;149.5;2.1;3.1*32;05;12.20468
20230116 090811.791314;1673856491.791314;False;3D;4202.4290;01218.1713;149.6;2.1;3.1*32;05;9.611880000000001
20230116 090812.777374;1673856492.777374;False;3D;4202.4278;01218.1721;150.1;2.1;3.1*32;05;8.130279999999999
20230116 090814.092200;1673856494.0922;False;3D;4202.4271;01218.1731;150.3;2.1;3.1*32;05;7.204280000000001
20230116 090814.772248;1673856494.772248;False;3D;4202.4268;01218.1743;150.8;2.1;3.1*32;05;6.019
20230116 090815.767842;1673856495.767842;False;3D;4202.4269;01218.1752;151.4;2.1;3.1*32;05;3.4076800000000005
20230116 090816.775807;1673856496.775807;False;3D;4202.4271;01218.1754;151.9;2.1;3.1*32;05;0.81488
20230116 090817.790729;1673856497.790729;False;3D;4202.4274;01218.1752;152.3;2.1;3.1*32;05;2.11128
20230116 090819.087330;1673856499.08733;False;3D;4202.4277;01218.1748;152.9;2.1;3.1*32;05;2.5002000000000004
20230116 090819.773107;1673856499.773107;False;3D;4202.4280;01218.1742;153.4;2.1;3.1*32;05;2.72244
20230116 090820.776759;1673856500.776759;False;3D;4202.4280;01218.1737;153.4;2.1;3.1*32;05;1.77792
20230116 090821.773764;1673856501.773764;False;3D;4202.4280;01218.1734;153.6;2.1;3.1*32;05;2.18536
20230116 090822.775323;1673856502.775323;False;3D;4202.4280;01218.1733;153.7;2.1;3.1*32;05;0.29632000000000003
20230116 090824.090687;1673856504.090687;False;3D;4202.4278;01218.1734;153.3;2.1;3.1*32;05;0.6482
20230116 090824.771735;1673856504.771735;False;3D;4202.4275;01218.1738;152.9;2.1;3.1*32;05;3.1484
20230116 090825.770320;1673856505.77032;False;3D;4202.4272;01218.1744;152.6;2.1;3.1*32;05;3.3336
20230116 090826.771226;1673856506.771226;False;3D;4202.4269;01218.1748;152.7;2.1;3.1*32;05;2.1298
20230116 090827.768665;1673856507.768665;False;3D;4202.4268;01218.1751;152.4;2.6;4.7*37;04;1.33344
20230116 090829.089468;1673856509.089468;False;3D;4202.4266;01218.1750;152.7;2.1;3.1*32;05;0.16668
20230116 090829.769806;1673856509.769806;False;3D;4202.4263;01218.1751;152.4;2.6;4.7*37;04;0.25928
20230116 090830.769762;1673856510.769762;False;3D;4202.4261;01218.1751;152.1;2.6;4.7*37;04;0.31484000000000006
20230116 090831.768703;1673856511.768703;False;3D;4202.4258;01218.1751;151.8;2.6;4.7*37;04;0.35188
                                                                                                                                                                                                                                                                                                                                 